index,formula,score,Eform
1,12-TbClF-216-6192396,0.999959588,0.000360513
2,16-Ba2ClO-225-715163,0.999987602,0.000799127
3,16-BaBeF2-225-2281339,0.999988437,0.00109692
4,16-BaBeF2-225-4871733,0.99993968,0.001164551
5,16-BaBrO2-225-4487876,0.999993682,-0.000626109
6,16-BaBrO2-225-7659324,0.999995589,-0.000594582
7,16-BaErO2-225-4737300,0.999970078,-0.00014843
8,16-BaErO2-225-7980704,0.999977589,-0.000151837
9,16-BaEuO2-225-3713626,0.999929309,-0.000791589
10,16-BaEuO2-225-5015247,0.999932289,-0.000792746
11,16-BaNaO2-225-852572,0.999964952,0.000407652
12,16-BaNdF2-225-8152338,0.999933004,0.002419333
13,16-BaPrO2-225-2592444,0.999960423,-0.000530916
14,16-BaPrO2-225-6887195,0.999931097,-0.000529048
15,16-BaYbO2-225-4263928,0.999987006,-0.001016133
16,16-BiClF2-225-7830126,0.99993825,0.001516389
17,16-CaSO2-225-3627194,0.99993825,0.000717039
18,16-CeSiO2-225-758718,0.999988914,-0.001536008
19,16-CeSiO2-225-7830067,0.999991894,-0.001521569
20,16-Cs2ClO-225-113435,0.999956965,-0.000231658
21,16-Cs2TmF-225-3734888,0.999958515,0.000766743
22,16-CsScF2-225-258485,0.999944925,0.001223682
23,16-CsYbO2-225-8087630,0.999942422,-0.001514385
24,16-CsYbO2-225-9202127,0.999974489,-0.001517775
25,16-ErPbO2-225-2121021,0.999995947,-0.000115665
26,16-GdBrF2-225-2308705,0.999924779,0.00113502
27,16-GdLuF2-225-3530916,0.999927163,0.001752954
28,16-GdPtO2-225-7076077,0.999940634,-0.000697833
29,16-HoBrO2-225-7077361,0.999984026,-0.001430267
30,16-LaInO2-225-7984079,0.999922276,-0.001358665
31,16-NdGeO2-225-2692652,0.999995589,-0.001866066
32,16-NdHfF2-225-3055172,0.999948502,0.001575675
33,16-NdSeO2-225-6592667,0.999965906,-0.000219627
34,16-PrSiF2-225-6843828,0.999956965,0.001180379
35,16-PrTeO2-225-5535850,0.999983788,-0.001457239
36,16-PrTeO2-225-999713,0.999973893,-0.001436474
37,16-SmPF2-225-7896979,0.999975443,0.000626858
38,16-SrSeO2-225-2588596,0.999996424,-0.000927289
39,16-SrSeO2-225-7759424,0.999940991,-0.001048852
40,16-SrSiO2-225-5294183,0.999994516,-0.001531545
41,16-SrTeF2-225-2564272,0.999978304,0.000778347
42,16-TbErO2-225-4780037,0.99992311,-0.001302778
43,16-TbHoO2-225-4968294,0.999963522,-0.002160067
44,16-TbLuO2-225-6603430,0.999941826,-0.001102317
45,16-TmSeO2-225-4492319,0.999987006,-0.000861171
46,16-TmSeO2-225-7561075,0.999995708,-0.000836144
47,32-AcBrF6-225-2330754,0.999969363,-0.000124921
48,32-AcCF6-225-2155504,0.999948025,-0.002526548
49,32-AcErO6-216-1787794,0.999949574,-0.002066006
50,32-AcGaO6-216-8718984,0.999959707,-0.003048472
51,32-AcIO6-225-8431862,1,-0.002001362
52,32-AcLuF6-225-3336343,0.999987602,0.001757237
53,32-AcPF6-216-8452373,0.999965429,0.001236605
54,32-AcPtO6-216-3035452,0.999985456,-0.001863566
55,32-AcReF6-225-8743431,0.999961615,0.000895072
56,32-AcZrF6-216-1032745,0.999943256,-0.00088301
57,32-AcZrF6-216-18415,0.999961495,0.001095583
58,32-AgBrO6-216-3389340,0.999999881,-0.002060257
59,32-AgMoO6-216-7936080,0.999998569,-0.002407132
60,32-AgSeO6-216-7184212,0.999999166,-0.001976002
61,32-AgSeO6-216-7740415,0.999999762,-0.00201337
62,32-AgSF6-216-4842309,0.99997139,0.002137848
63,32-AgSF6-216-6887420,0.999937534,0.002070888
64,32-AgSF6-216-748233,0.999956965,-0.000181988
65,32-AlAgO6-225-4473549,0.999977708,-0.002023497
66,32-AlBiF6-225-1565084,0.999962687,0.00173773
67,32-AlInF6-216-7120614,0.999921679,-0.000498164
68,32-AlInF6-216-8693255,0.999929667,0.001435578
69,32-AlMoO6-216-649928,0.999999642,-0.00215298
70,32-AlNF6-216-9836889,0.999954224,0.001775102
71,32-AlPdF6-216-8069276,0.999926209,0.002041379
72,32-AlSbF6-216-4775791,0.999977589,0.001570377
73,32-AlZnO6-216-4052364,0.99999702,-0.002082432
74,32-AlZnO6-216-6403150,0.99999404,-0.00205118
75,32-AlZnO6-225-4528692,0.999995589,-0.002084592
76,32-AsCF6-216-4597525,0.999970913,-0.001786075
77,32-AuClF6-216-3357379,0.999982357,-0.002240757
78,32-AuClF6-216-9235778,0.999974132,0.001478202
79,32-AuClF6-216-9364336,0.999967217,0.00129278
80,32-AuIF6-216-113971,0.999921083,0.001485103
81,32-AuIF6-216-536878,0.999988794,0.001634502
82,32-BaCaO6-216-2468358,0.999996424,-0.001394926
83,32-BaCdF6-216-5697772,0.999937057,-0.001233653
84,32-BaErF6-225-6764311,0.999964714,0.000488063
85,32-BaHoO6-216-2318125,0.999942064,-0.003034619
86,32-BaLaO6-216-4768218,0.999999881,-0.001598344
87,32-BaPF6-216-7311073,0.9999578,0.000935379
88,32-BaPO6-216-1900198,0.999999285,-0.001959141
89,32-BaPO6-216-2776181,0.999999881,-0.001907581
90,32-BaPrF6-216-5436018,0.999985576,0.001934242
91,32-BaPuO6-216-2240528,0.999996066,-0.001580698
92,32-BaReF6-216-2873466,0.99992156,0.001539788
93,32-BaSO6-225-617921,0.999980569,-0.002061217
94,32-BaSO6-225-8448551,0.999946117,-0.001960591
95,32-BaSrF6-216-308515,0.999987602,0.001822261
96,32-BaSrF6-216-7210522,0.999993801,0.001794158
97,32-BaTaO6-216-1902550,0.999999166,-0.001941203
98,32-BAuO6-216-659031,0.999999762,-0.002274788
99,32-BAuO6-216-9191911,0.999998331,-0.002266011
100,32-BaYbO6-216-4013420,0.999938726,-0.001967575
101,32-BaYbO6-216-611515,0.999999881,-0.001925038
102,32-BaYbO6-216-8861364,0.999981403,-0.002555185
103,32-BBrF6-216-2173027,0.999998212,0.001692271
104,32-BeCF6-216-7801232,0.999975324,0.000413657
105,32-BePtF6-216-876,0.999989629,0.001730858
106,32-BeSF6-216-6932072,0.999975801,0.001896664
107,32-BeSF6-216-9555480,0.99999249,0.001865225
108,32-BeVO6-216-9279634,0.999922872,-0.002339995
109,32-BiCF6-216-2956340,0.999988914,0.000633008
110,32-BiClF6-216-6338064,0.999960184,0.00175149
111,32-BiIF6-216-408574,0.999985814,0.001942423
112,32-BiIF6-216-7529649,0.999958158,0.000354543
113,32-BIO6-216-2452622,0.999967456,-0.001704465
114,32-BIO6-216-5525591,1,-0.001669252
115,32-BiWO6-216-1301785,0.999995828,-0.001822667
116,32-BOF6-216-5507631,0.999932766,-0.001364347
117,32-BPdO6-216-5383992,0.999999166,-0.001734554
118,32-BrClO6-216-1162857,0.999942541,-0.004735556
119,32-BrClO6-216-5964139,0.999999762,-0.001823907
120,32-BrClO6-216-7890133,0.999999881,-0.001830223
121,32-BrOF6-216-3476463,0.999965072,-0.001338347
122,32-BSbF6-216-1410282,0.999993205,0.001546898
123,32-BSbF6-216-4547474,0.99999845,0.0014913
124,32-BSbF6-216-5117752,0.9999789,0.001599553
125,32-BSeF6-216-3344995,0.999935746,0.001939832
126,32-BSeF6-216-3535903,0.999976993,0.001924494
127,32-BSeF6-216-3908735,0.999974966,0.001903502
128,32-BSF6-216-6860743,0.99997282,0.002370727
129,32-BSO6-216-7222587,0.999999881,-0.00137522
130,32-CaCdF6-216-1041231,0.999946952,0.001187088
131,32-CaCdF6-216-1443244,0.999996781,0.001257527
132,32-CaNbO6-216-7863417,0.999994278,-0.001977644
133,32-CaPmO6-216-8337554,0.999967456,-0.001892894
134,32-CaPuF6-216-3405629,0.9999789,0.00221908
135,32-CaTeO6-216-4677113,0.999995828,-0.002628299
136,32-CaTeO6-216-7324886,0.999999762,-0.001843173
137,32-CBrF6-225-1128163,0.9999789,0.000698025
138,32-CBrF6-225-7544113,0.999948859,-0.000360521
139,32-CClF6-225-4766864,0.99998951,-0.000800508
140,32-CClF6-225-8861708,0.999974608,-0.000342246
141,32-CdBF6-225-8028765,0.999977112,0.000980003
142,32-CdCF6-216-5541820,0.999983311,-0.002888629
143,32-CdSF6-216-1243475,0.999985933,-0.001943844
144,32-CdSF6-216-1318117,0.999972343,-0.000891268
145,32-CeAgF6-216-4238126,0.99999845,0.001456031
146,32-CeClO6-216-5899813,0.999999762,-0.001925345
147,32-CeCO6-216-137504,0.999999642,-0.00293561
148,32-CeCO6-216-708656,0.999987125,-0.002932367
149,32-CeErF6-216-494610,0.999985576,0.001840817
150,32-CeErF6-216-9682080,0.999992728,0.001818645
151,32-CeMgO6-216-5546623,0.999941826,-0.002469296
152,32-CeNbO6-216-5184357,0.999958038,-0.002754353
153,32-CeNbO6-216-7699380,0.999940038,-0.002411456
154,32-CeNdF6-225-4772932,0.999958754,-0.000308532
155,32-CePmF6-225-8858188,0.999969125,-0.000456905
156,32-CePmF6-225-8959515,0.999935508,0.001402942
157,32-CePrO6-216-1124048,0.99998951,-0.002203719
158,32-CePrO6-216-8508957,0.999991059,-0.001964637
159,32-CeSbO6-216-5674821,0.99999845,-0.002172086
160,32-CeSeO6-216-9202415,0.999951243,-0.001871232
161,32-CeUF6-216-684876,0.999948144,0.001439569
162,32-CeZrF6-216-6651080,0.999985933,0.001492657
163,32-CIF6-225-8806765,0.999999285,8.67E-05
164,32-CNF6-225-883646,0.999943376,0.000615453
165,32-CO6F-225-2339130,0.999998331,-0.003759569
166,32-CO6F-225-543279,0.999999166,-0.00272408
167,32-CrIO6-216-6281500,0.999982834,-0.001636735
168,32-CrRuO6-216-4629914,0.999938726,-0.001898192
169,32-CrRuO6-216-7095594,0.999998569,-0.001984005
170,32-CrSnO6-216-616033,1,-0.001653755
171,32-CrSnO6-225-3825815,0.999997854,-0.001669496
172,32-CsBaO6-216-1298682,0.999956608,-0.001791833
173,32-CsBeF6-216-2610283,0.999953985,0.001403873
174,32-CsBeF6-216-4520703,0.99998498,0.000493056
175,32-CsClF6-216-3395081,0.999979734,0.001808347
176,32-CsClF6-216-341828,0.999962687,0.001708006
177,32-CsClF6-216-7338657,0.999984026,0.000455969
178,32-CsNdO6-216-2027262,0.999991775,-0.00168495
179,32-CsNdO6-216-955802,0.999984264,-0.001768761
180,32-CsNO6-216-2884760,0.999999881,-0.002048462
181,32-CsNO6-216-5498913,0.999958754,-0.002127879
182,32-CsSeF6-225-8261424,0.999955893,0.001156269
183,32-CsSnF6-216-623088,0.999995232,0.000399501
184,32-CsSnF6-216-6735757,0.999979734,0.001945911
185,32-CsSrO6-216-4564807,0.999999642,-0.002040964
186,32-CsSrO6-216-4862714,0.99992907,-0.002093373
187,32-CsTaF6-216-2175522,0.999963999,0.000515465
188,32-CsTaF6-216-3850164,0.999987602,0.000687192
189,32-CsTeF6-216-3254119,0.999952793,0.00131621
190,32-CsTeF6-216-6389648,0.999948382,-0.001614326
191,32-DyAsF6-216-3103454,0.999973655,-0.001008279
192,32-DyBrF6-216-2136605,0.999970913,-0.001298549
193,32-DyCF6-225-450426,0.999975681,-0.001347166
194,32-DyCF6-225-5830740,0.999979734,-0.001478666
195,32-DyCF6-225-7879190,1,-0.000763844
196,32-DyFeO6-225-8333924,0.999927521,-0.002409306
197,32-DyHgF6-216-116679,0.999928117,-0.000690471
198,32-DyHgF6-216-6551321,0.999948978,-0.001149658
199,32-DyInF6-216-8915315,0.99998486,-0.001529455
200,32-DyInF6-216-9359069,0.999981165,0.000971666
201,32-DyIO6-216-3353812,0.99996841,-0.002528252
202,32-DyIO6-216-9784265,0.999987841,-0.002120511
203,32-DyIrO6-216-1411908,0.999963641,-0.003672584
204,32-DyLuF6-216-3671002,0.999957919,0.001576649
205,32-DyLuF6-216-4534527,0.999955535,0.001582532
206,32-DyLuF6-216-9031335,0.999998927,0.001502353
207,32-DyPdO6-216-7860231,0.999999642,-0.002252945
208,32-DyRhO6-216-4941278,0.999994516,-0.003094449
209,32-DyRhO6-216-9505156,0.999940515,-0.003075272
210,32-DySeF6-216-4301787,0.999973893,0.001395238
211,32-DySiF6-216-2648447,0.999999881,0.001113288
212,32-DyTeO6-216-1539754,0.999943018,-0.002663081
213,32-DyTlF6-225-4662311,0.999997377,0.000106102
214,32-DyWO6-216-3904788,0.999925137,-0.002232801
215,32-ErAgF6-216-372247,0.999926567,0.001862406
216,32-ErAgF6-216-6369139,0.999947429,0.001794083
217,32-ErBeF6-216-8135555,0.999969244,0.001649778
218,32-ErBrF6-216-4277527,0.999997377,0.002029385
219,32-ErClF6-225-5908278,0.999976635,0.001304357
220,32-ErClF6-225-8402030,0.999970555,0.001187453
221,32-ErLuF6-216-2331518,0.999954462,0.001847103
222,32-ErLuF6-216-7151943,0.999985218,0.002203533
223,32-ErNF6-216-6571027,0.999994755,-0.000915493
224,32-ErNpO6-216-6471154,0.999979496,-0.002035875
225,32-ErSbO6-216-5271782,0.999948978,-0.001944216
226,32-ErSiO6-225-9856985,0.999953985,-0.002705876
227,32-ErSnF6-225-3256350,0.999967456,0.000798278
228,32-ErSnF6-225-4018933,0.999994636,0.001295689
229,32-ErThF6-225-5659548,0.999999881,0.001838282
230,32-ErUO6-216-134746,0.999998689,-0.001899411
231,32-EuHgO6-216-7296342,0.999973416,-0.00176649
232,32-EuHgO6-216-9973829,0.999941707,-0.002244516
233,32-EuIF6-225-4834310,0.999960184,0.001236899
234,32-EuIO6-216-4342160,0.999989986,-0.001991704
235,32-EuNiO6-216-5315426,0.999997377,-0.002941542
236,32-EuO6F-216-8701505,0.999961019,-0.001838936
237,32-EuPtO6-216-9179639,0.999944329,-0.00230711
238,32-EuSF6-225-7640149,0.999997377,0.001383486
239,32-EuWO6-216-6839455,0.999970436,-0.001797287
240,32-EuWO6-216-8859991,0.999999404,-0.0017832
241,32-EuYO6-216-4267174,0.999999404,-0.002138211
242,32-EuYO6-216-9587015,0.999956846,-0.002177437
243,32-EuZrF6-216-4885342,0.999981523,0.001417968
244,32-FeBF6-225-2095878,0.999952078,0.001729179
245,32-FeO6F-225-1354116,0.999996901,-0.001812342
246,32-FePO6-216-1888842,0.999983311,-0.002119698
247,32-FeWO6-216-8290729,0.999984384,-0.001751563
248,32-GaNiO6-216-63031,0.999992371,-0.003158972
249,32-GaNO6-216-2354811,0.99999404,-0.002304592
250,32-GaOsO6-216-364412,0.999998569,-0.002386803
251,32-GaPdO6-216-3622550,0.999999046,-0.002045444
252,32-GaPdO6-216-5304827,0.999924541,-0.002048918
253,32-GaSiF6-225-7944308,0.999957681,0.00065765
254,32-GaSiO6-216-696855,0.999958992,-0.00236308
255,32-GaSnF6-216-6648262,0.999998093,0.001576336
256,32-GdAgO6-216-7590843,0.999998569,-0.002243816
257,32-GdAgO6-216-8316153,0.999980569,-0.002245908
258,32-GdBeF6-225-8518257,0.99999547,0.001128536
259,32-GdBrO6-216-9658894,0.999971747,-0.002076375
260,32-GdGaO6-216-4815309,0.999997616,-0.002786229
261,32-GdGaO6-216-7815174,0.999992251,-0.002401022
262,32-GdPdF6-216-8608643,0.999973297,0.00163006
263,32-GdPO6-216-1710800,0.999999762,-0.002625693
264,32-GdRhO6-216-7168506,0.999953508,-0.002825488
265,32-GdSbO6-216-3683775,0.999931693,-0.002713178
266,32-GdTaF6-216-1142343,0.999960065,0.001433823
267,32-GdTaF6-216-509840,0.999970555,0.001266344
268,32-GdTaF6-216-8068141,0.999923229,0.000689644
269,32-GdYF6-216-5849317,0.999942303,-0.000927252
270,32-GdZrF6-216-3823813,0.999991298,0.001405633
271,32-GdZrF6-216-9902196,0.999976039,0.001382711
272,32-GePdF6-216-737402,0.99998188,0.001244398
273,32-GeSbF6-216-4550801,0.999941468,0.000928734
274,32-GeSeF6-216-4548042,0.999947667,0.001238012
275,32-GeSeF6-216-5680202,0.999983549,0.000733263
276,32-HfCdF6-225-4314783,0.999974251,-3.66E-05
277,32-HfCdF6-225-4616747,0.999949694,0.000467955
278,32-HfInF6-216-5835008,0.999971747,-0.001186177
279,32-HfInF6-216-8565260,0.999921679,-0.001102656
280,32-HfMoO6-216-8095454,0.99999702,-0.00253432
281,32-HfNiO6-216-3147821,0.99998045,-0.003097194
282,32-HfOF6-216-2765821,0.999981999,0.001090852
283,32-HfPdF6-216-1731948,0.999974251,0.001702979
284,32-HfPdF6-216-6174678,0.999944568,-0.000289143
285,32-HfRhF6-216-9681859,0.999996066,0.00085906
286,32-HfRuO6-216-563620,0.999997973,-0.002168897
287,32-HfRuO6-216-6611507,0.999951839,-0.002208404
288,32-HfTeF6-216-8205116,0.999998331,0.00133599
289,32-HfZrO6-216-338567,0.99995935,-0.002343135
290,32-HgAuF6-216-2354948,0.999960899,0.001525236
291,32-HgAuF6-216-8567450,0.999943972,0.001522614
292,32-HgBrF6-216-2226158,0.999925852,-0.000516523
293,32-HgBrF6-216-441868,0.999976635,0.002076096
294,32-HgBrF6-216-8873851,0.99995029,0.001887379
295,32-HgBrF6-225-8437683,0.999991655,0.001174002
296,32-HgCO6-216-2971966,0.999999523,-0.002689862
297,32-HgCO6-216-3717367,0.999998808,-0.002648417
298,32-HgCO6-216-7410490,0.999999523,-0.002629633
299,32-HgNO6-216-3051352,0.999922276,-0.001831173
300,32-HgPF6-216-9990044,0.999998927,-0.00052897
301,32-HgRhO6-216-6961675,0.99998939,-0.002400766
302,32-HgSF6-225-7176592,0.999988437,0.002016022
303,32-HoBeO6-216-3400919,0.999976993,-0.003129655
304,32-HoBeO6-216-5677621,0.999956131,-0.002460339
305,32-HoErF6-225-2363863,0.999980092,0.000840395
306,32-HoErF6-225-5119254,0.99999392,-3.26E-07
307,32-HoHfO6-225-7534541,0.999989986,-0.002355973
308,32-HoIF6-216-7397916,0.999940515,0.001799178
309,32-HoIF6-216-8828554,0.999959946,0.001895943
310,32-HoInF6-216-2101911,0.999925613,0.00131514
311,32-HoInF6-216-5490788,0.999932051,-0.000658849
312,32-HoInF6-225-1035520,0.99998641,-7.09E-05
313,32-HoNbO6-216-2422438,0.999946833,-0.003019285
314,32-HoPaF6-216-7889544,0.999970078,0.001502468
315,32-HoPbO6-225-3530621,0.999967337,-0.001932205
316,32-HoPuO6-216-9687042,0.999998331,-0.002520529
317,32-HoSbF6-225-1309161,0.999923587,0.000720135
318,32-HoSbF6-225-2322860,0.999933839,0.001257424
319,32-InAsF6-216-3179730,0.999974847,-0.000427613
320,32-InBiF6-216-130654,0.999974966,0.001370438
321,32-InBiF6-216-3193055,0.999997973,0.001371185
322,32-InClO6-216-3981668,0.99997139,-0.002729817
323,32-InClO6-225-5194172,0.999979138,-0.003048915
324,32-InClO6-225-9263717,0.999960423,-0.002218696
325,32-InNiO6-216-7046696,0.999942064,-0.003177732
326,32-InOsF6-225-310978,0.999929428,0.001142243
327,32-InRuF6-216-1492937,1,0.001392816
328,32-InSeO6-216-1315209,0.999999046,-0.002116595
329,32-InSiO6-216-8635354,0.999964237,-0.002460137
330,32-InSiO6-216-9623475,0.999989033,-0.002390812
331,32-IOF6-216-6234571,0.999932647,0.001429757
332,32-KMgF6-216-5860294,0.999958754,0.001168189
333,32-KPF6-216-498435,1,0.00147372
334,32-KRuO6-225-8757426,0.999965072,-0.002028316
335,32-KSrF6-216-4520220,0.999998808,0.00154617
336,32-KZnO6-216-8608209,0.999991059,-0.00224507
337,32-LaAsO6-216-9983529,0.999929667,-0.001628069
338,32-LaCdF6-225-2105386,0.999929905,0.00043233
339,32-LaCdF6-225-3732896,0.999947071,-0.000232841
340,32-LaDyF6-216-6138273,0.999973297,-0.000458093
341,32-LaErF6-225-8887569,0.999996543,0.000690972
342,32-LaEuO6-216-2994727,0.999969482,-0.001843322
343,32-LaHoF6-216-1928655,0.999947548,0.001633615
344,32-LaHoF6-216-5821238,0.9999789,-0.000105975
345,32-LaHoF6-216-891581,0.999981999,0.001748741
346,32-LaHoF6-216-8929272,0.999961376,0.001736844
347,32-LaMoO6-216-6935682,0.999974251,-0.00233071
348,32-LaSbF6-216-5806241,0.999960661,0.001741515
349,32-LaYbF6-216-2941951,0.999959111,0.001735551
350,32-LaYbF6-216-5965355,0.999945045,0.001693011
351,32-LiIF6-216-9726348,0.999982238,0.001936653
352,32-LiPbO6-216-5427758,0.999943018,-0.001698595
353,32-LiTlO6-216-796645,0.999981284,-0.001414305
354,32-LuBrF6-225-4932378,0.999932528,0.000739445
355,32-LuCdF6-216-8604234,0.999979854,0.001211484
356,32-LuClO6-216-2130006,0.999932885,-0.001483068
357,32-LuMgF6-216-2145344,0.999923468,0.001619247
358,32-LuMgO6-216-6816408,0.999985933,-0.002643322
359,32-LuPaO6-216-4035332,0.999999046,-0.001653035
360,32-LuPaO6-216-574334,0.999999881,-0.001695548
361,32-LuPdO6-216-1822521,0.999990344,-0.001462428
362,32-LuScO6-216-469759,0.999980927,-0.001642316
363,32-LuSeO6-216-1999103,0.999997973,-0.001922622
364,32-LuSiO6-216-212274,0.999961257,-0.001816956
365,32-LuSnO6-216-5356638,0.999962807,-0.001868743
366,32-LuSnO6-216-6217567,0.999945045,-0.001737457
367,32-LuSO6-225-6679490,0.999998331,-0.001730796
368,32-LuTcO6-216-9207148,0.999988198,-0.001888322
369,32-LuThF6-225-7638174,0.999927759,0.002002132
370,32-LuTlF6-225-903266,0.999940038,0.002139462
371,32-LuZnF6-225-266052,0.999945402,0.001527198
372,32-MgCF6-225-6809703,0.999996662,-0.003547655
373,32-MgCO6-216-5074622,0.999979734,-0.003337477
374,32-MnBiO6-216-1619119,0.99999845,-0.001984076
375,32-MnBiO6-216-3741573,0.999993205,-0.00197562
376,32-MnBO6-216-1644892,0.999996901,-0.001869253
377,32-MnBO6-216-9690462,0.999993324,-0.001875578
378,32-MnGeO6-216-5093820,0.999974847,-0.002550534
379,32-MnGeO6-216-722691,0.999992013,-0.002544197
380,32-MoBrO6-216-1679479,0.999999762,-0.002237247
381,32-MoBrO6-216-7643956,0.999999881,-0.002252639
382,32-MoBrO6-216-8502575,0.99999845,-0.002266437
383,32-MoNO6-216-4554686,0.99997437,-0.002360556
384,32-MoPF6-216-8315982,0.999971986,0.001121886
385,32-NaClF6-216-292012,0.999969125,0.002288643
386,32-NaClF6-216-3618818,0.999999762,0.002302995
387,32-NaLuO6-216-2308139,0.999959707,-0.001122776
388,32-NaMgO6-216-2495456,0.99993372,-0.001908555
389,32-NaTlO6-216-1080470,0.999964833,-0.001390172
390,32-NbAgO6-216-9424422,0.999997973,-0.002449812
391,32-NbAlO6-216-7882862,0.999998927,-0.002229344
392,32-NbPbO6-216-1610156,0.999998689,-0.00212963
393,32-NbPdO6-216-9042817,0.999954581,-0.002171497
394,32-NbPF6-216-241332,0.999999881,0.001123637
395,32-NbPO6-225-8876998,0.999995351,-0.002448201
396,32-NbWO6-216-8538789,0.999997973,-0.002115246
397,32-NClF6-225-4867527,0.99999392,0.001734292
398,32-NClF6-225-6021834,0.999961734,-0.000550226
399,32-NdAuF6-216-5475391,0.999998808,0.001647533
400,32-NdBiO6-216-1288966,0.99997282,-0.001737977
401,32-NdBiO6-216-6065035,0.999999642,-0.002229731
402,32-NdBiO6-216-9650387,0.999946117,-0.00171064
403,32-NdCdO6-216-6332844,0.999989629,-0.003490801
404,32-NdCF6-225-8027336,0.999983788,0.000901296
405,32-NdCF6-225-9721088,0.99998188,-2.69E-05
406,32-NdGdF6-216-3170210,0.999970198,0.00178571
407,32-NdGdF6-216-9288070,0.999981403,0.001811793
408,32-NdGdO6-216-35686,0.99998641,-0.002272378
409,32-NdGdO6-216-394752,0.99995482,-0.00181212
410,32-NdHfF6-225-463633,0.999995947,0.001805123
411,32-NdHoO6-216-8995969,0.999934196,-0.001800166
412,32-NdLuF6-225-1313185,0.999959946,0.002453978
413,32-NdSeF6-216-3617358,0.999971986,0.002131322
414,32-NiBF6-216-7753325,0.999989033,0.000207507
415,32-NiClO6-216-7504562,0.999997258,-0.002812375
416,32-NiSnO6-216-9484823,0.999996305,-0.002713285
417,32-NpAuO6-216-9632962,0.999994636,-0.002651423
418,32-NpClF6-216-4668304,0.999994755,0.001328129
419,32-NpClF6-216-6807327,0.999962568,0.000743843
420,32-NpClO6-216-2311369,0.999989271,-0.00227616
421,32-NpClO6-216-5366433,0.999997735,-0.002838088
422,32-NpPaO6-216-384470,0.99995625,-0.002349265
423,32-NpReO6-216-2477196,0.999982953,-0.00334083
424,32-NpReO6-216-3397784,0.999942303,-0.003235074
425,32-NpSnF6-216-4968160,0.9999367,0.001659114
426,32-NpSnF6-216-7509640,0.999971151,0.001625317
427,32-NpTaO6-225-1007592,0.999973297,-0.002501401
428,32-NpTiF6-216-3298197,0.999951482,0.001087027
429,32-NpTiF6-216-6484934,0.999997973,0.001099516
430,32-OsBrO6-216-1145131,0.999952316,-0.002079672
431,32-OsCF6-216-3515871,0.999977112,0.000496038
432,32-OsIF6-216-8581822,0.999970078,0.001819624
433,32-PaBiO6-216-2453353,0.999998093,-0.002636144
434,32-PaClO6-225-2674991,0.999999762,-0.002394012
435,32-PaCO6-216-2969992,0.999990821,-0.002912559
436,32-PaCO6-216-3190859,0.999983072,-0.003776586
437,32-PaIF6-216-9003225,0.999999046,0.001840833
438,32-PaIO6-216-3276631,0.999949098,-0.00170746
439,32-PaMoF6-216-2581988,0.99999845,0.001262846
440,32-PaSbO6-216-1472472,0.999997377,-0.002185114
441,32-PaSbO6-216-2044688,0.999961138,-0.00218241
442,32-PaSeO6-216-7469174,0.999987245,-0.00587145
443,32-PaSnF6-216-224679,0.999973893,0.001879228
444,32-PaSnF6-216-486561,0.999934554,0.001884868
445,32-PAuF6-216-2339200,0.999973297,-0.001575563
446,32-PAuF6-216-2370386,0.999939561,0.001224905
447,32-PAuF6-216-7872335,0.999943733,0.001140993
448,32-PbSF6-216-4415693,0.999926925,0.001180294
449,32-PbSF6-216-6357784,0.999976397,0.002554127
450,32-PbSF6-216-8318656,0.999984384,0.001708961
451,32-PbSF6-216-9055335,0.999999881,0.000537072
452,32-PdIO6-216-977172,0.999987125,-0.001543512
453,32-PdPtF6-216-4610070,0.999954224,0.002235379
454,32-PdPtF6-216-8705003,0.999999762,0.002307259
455,32-PdRhO6-216-1476265,0.999999881,-0.002482879
456,32-PdRhO6-216-1591795,0.999999762,-0.002520679
457,32-PdSeO6-216-2318371,0.999997258,-0.001658643
458,32-PdSeO6-216-9242144,0.999999285,-0.001701705
459,32-PIrO6-216-3381513,0.999959826,-0.002744439
460,32-PmAuO6-225-3036608,0.999999762,-0.002804482
461,32-PmBrO6-216-1815872,0.999976039,-0.002285238
462,32-PmCF6-216-2007774,0.999987721,-0.002349973
463,32-PmCF6-216-4310628,0.999926329,-0.000254037
464,32-PmErO6-216-4992837,0.999999881,-0.002113421
465,32-PmErO6-216-8459742,0.999951363,-0.002051787
466,32-PmHgF6-216-1346428,0.999957681,0.001061638
467,32-PmHgF6-216-5709310,0.999933839,0.001663069
468,32-PmHgF6-216-6974846,0.999980688,0.001650181
469,32-PmHgO6-216-1226797,0.999960661,-0.002593619
470,32-PmInF6-225-2483696,0.999982595,-0.00114756
471,32-PmNdO6-216-3552710,0.999931216,-0.002057381
472,32-PmNdO6-216-3934714,0.999999642,-0.002472576
473,32-PmNdO6-216-4144600,0.999973059,-0.002014263
474,32-PmNdO6-216-4422605,0.999939203,-0.002059476
475,32-PmNF6-216-600203,0.999979973,-0.001910339
476,32-PmNiO6-216-5490066,0.999989271,-0.003851567
477,32-PmPtO6-216-4602621,0.999971986,-0.002544291
478,32-PmPtO6-216-5230575,0.99992156,-0.002369745
479,32-PmSF6-225-1785395,0.999961138,0.001781497
480,32-PmSF6-225-3988964,0.999953747,0.001040664
481,32-PmSiO6-225-695119,0.999980569,-0.003317894
482,32-PmSnF6-216-1904811,0.999962687,0.001651966
483,32-PmTeO6-216-8257515,0.999991894,-0.002979812
484,32-PmTeO6-216-888942,0.999952316,-0.003057901
485,32-PmThF6-216-5951124,0.999958396,0.001247628
486,32-PmThF6-216-6983923,0.999999166,0.001313061
487,32-PmVO6-216-1933680,0.999979258,-0.002308564
488,32-PPbF6-216-3883810,0.999976635,0.001772187
489,32-PPbF6-216-9034100,0.999964237,0.001835756
490,32-PrAlO6-216-538038,0.999995589,-0.002273887
491,32-PrBrF6-225-424206,0.999927282,0.001856147
492,32-PrClO6-216-1829126,0.999998331,-0.002228032
493,32-PrClO6-216-1904624,0.999970078,-0.001807952
494,32-PRhF6-216-8494464,0.999950647,0.000727016
495,32-PrInO6-216-4211127,0.999939919,-0.002231369
496,32-PrIrF6-216-2587903,0.999999166,0.001076282
497,32-PrLuO6-216-2822493,0.999940515,-0.001562531
498,32-PrLuO6-216-7812299,0.999999881,-0.001977528
499,32-PrLuO6-216-8579476,0.999987721,-0.001524717
500,32-PrOF6-225-8250454,0.999975443,0.000938049
501,32-PrReF6-225-2395365,0.999984026,0.001340921
502,32-PrRhO6-216-2418144,0.999978185,-0.002563048
503,32-PrRhO6-216-8262987,0.999981642,-0.002608401
504,32-PrSO6-216-72734,0.999999642,-0.001745801
505,32-PrThO6-216-3494373,0.999999881,-0.001973297
506,32-PtCO6-216-7872007,0.999997973,-0.00252494
507,32-PtPbF6-225-163476,0.999977469,0.002288593
508,32-PuAlO6-216-1738915,0.999956846,-0.002217898
509,32-PuAlO6-216-7770433,0.999971271,-0.002451777
510,32-PuBiO6-216-596574,0.999984741,-0.001874712
511,32-PuCoO6-216-5588910,0.999987006,-0.002055082
512,32-PuCuO6-216-5672311,0.999999285,-0.001994457
513,32-PuCuO6-216-5880520,0.999995112,-0.002024568
514,32-PuHfO6-216-6045194,0.999938965,-0.001982058
515,32-PuNiF6-216-6077575,0.999999523,0.000862342
516,32-PuPbO6-216-9371328,0.999944687,-0.001501675
517,32-PuPtF6-216-1474748,0.999973893,0.002288861
518,32-PuSbF6-216-2514202,0.999990582,0.001703725
519,32-PuSbF6-216-663429,0.999936223,0.001627301
520,32-PuSbF6-216-9805819,0.999999642,0.001635629
521,32-PuSiO6-216-5440280,0.999999881,-0.001914004
522,32-PuSiO6-216-622060,0.99997735,-0.00192117
523,32-RbHoF6-216-245280,0.99999702,0.001042531
524,32-RbHoO6-216-2129921,0.999982119,-0.002610425
525,32-RbHoO6-216-7916280,0.999948025,-0.003403443
526,32-RbIrF6-216-2061366,0.999954581,0.000468353
527,32-RbPmF6-216-2785962,0.999982357,0.000842566
528,32-RbPmF6-216-3117396,0.999973059,0.000888625
529,32-RbSeF6-216-9392555,0.999997973,0.001352761
530,32-RbWO6-216-6268864,0.999995947,-0.002257171
531,32-RbWO6-216-7982122,0.999973178,-0.002251886
532,32-RbYbF6-216-5730662,0.999974132,0.001058364
533,32-RbYbF6-216-8321761,0.999996543,0.001041851
534,32-ReClO6-216-6750152,0.999997497,-0.002248845
535,32-ReO6F-216-2891489,0.999945998,-0.002166888
536,32-ReO6F-216-3319097,0.999999762,-0.002147664
537,32-ReRuO6-216-2883919,0.999949694,-0.00243898
538,32-RhClF6-216-4507868,0.999932051,0.001165646
539,32-RhPbO6-216-9630828,0.999990106,-0.002359604
540,32-RuClF6-225-5597382,0.999987006,0.001050612
541,32-RuSF6-216-1044899,0.999991059,0.00213334
542,32-SbClF6-225-8171084,0.999932528,0.000647569
543,32-SbNF6-225-1334913,0.999981523,0.001547261
544,32-SBrF6-225-1612244,0.999984622,0.001450885
545,32-SBrF6-225-7855745,0.999993443,0.001557502
546,32-SBrF6-225-9401633,0.999999762,0.001313054
547,32-SbSO6-216-7026360,0.999944806,-0.001606034
548,32-ScClF6-225-5977996,0.999996901,0.000516331
549,32-ScClO6-216-7030750,0.999986053,-0.001887971
550,32-ScClO6-225-6590058,0.999999881,-0.001973409
551,32-ScCO6-216-7892365,0.999930382,-0.002967128
552,32-ScHgF6-216-9152263,0.999996543,0.001949446
553,32-ScInF6-225-6695614,0.999999881,0.001423181
554,32-ScIO6-216-4503645,0.99996531,-0.001747498
555,32-ScIO6-216-5371386,0.999992013,-0.001714208
556,32-ScMnO6-216-9080175,0.999933243,-0.001960799
557,32-ScPaO6-225-6737094,0.999972105,-0.002120049
558,32-ScSO6-216-3865691,0.99994421,-0.001971372
559,32-SeIF6-216-6667037,0.999959111,-1.68E-05
560,32-SeIO6-216-2537643,0.999948263,-0.001654314
561,32-SeIO6-216-4854895,0.999972343,-0.001546994
562,32-SeSF6-216-208324,0.999974966,-0.000890683
563,32-SeSF6-216-4196168,0.999999642,0.002328547
564,32-SiAuO6-216-905273,0.999962687,-0.002483554
565,32-SiBF6-216-1979792,0.99999702,-0.001012236
566,32-SiBF6-216-2438193,0.999997854,0.001490938
567,32-SiBF6-216-434220,0.99996531,0.001546277
568,32-SIF6-225-1667885,0.999995112,0.00120669
569,32-SIF6-225-4231511,0.999981523,0.002137326
570,32-SIF6-225-57790,0.999942541,0.002600594
571,32-SiHgF6-216-3025092,0.999970555,-0.000819531
572,32-SiHgF6-216-4424870,0.99998951,0.001668796
573,32-SiO6F-225-5819834,0.999989271,-0.002795583
574,32-SiPF6-216-289848,0.999954462,0.001408522
575,32-SiPF6-216-4833169,0.999949098,-0.001040412
576,32-SiPtF6-216-284087,0.999976993,-0.000552194
577,32-SiPtF6-216-6162572,0.999922752,0.00198244
578,32-SiSeF6-225-4587747,0.999922156,0.00083528
579,32-SmAsF6-216-659418,0.999992251,-0.00022069
580,32-SmBF6-216-9579233,0.999969125,0.001500496
581,32-SmCF6-225-2905907,0.999974251,-0.00055679
582,32-SmCF6-225-6676598,0.999944687,-0.002996192
583,32-SmLuF6-216-7987671,0.999976635,0.001737857
584,32-SmMgO6-225-7642761,0.999979258,-0.002972704
585,32-SmMnO6-216-9400461,0.999939919,-0.002177846
586,32-SmNF6-225-255612,0.999925613,0.000430142
587,32-SmPaF6-225-1212030,0.999999404,-0.001111445
588,32-SmPaO6-216-9438351,0.999995589,-0.002197039
589,32-SmPbF6-225-5565076,0.999969602,0.001736184
590,32-SmPtF6-216-2680787,0.999961138,0.001921816
591,32-SmPtF6-216-3072525,0.999954343,0.001917488
592,32-SmScF6-216-1369138,0.999927759,0.001455992
593,32-SmScF6-225-4885292,0.99996829,-0.002042871
594,32-SmSF6-216-1437555,0.999928713,-0.000219681
595,32-SmSF6-216-2387501,0.999963641,0.002099855
596,32-SmSF6-216-7063618,0.999986887,0.002061705
597,32-SmSF6-216-7352327,0.999989629,0.001982626
598,32-SmSiF6-216-1047759,0.999967217,0.001266532
599,32-SmSiF6-216-2948823,0.999966741,-0.001133577
600,32-SmSnO6-216-3153874,0.999996543,-0.002392229
601,32-SnAuO6-216-8419824,0.999957681,-0.002061237
602,32-SnBF6-216-1632418,0.999967456,-0.000445105
603,32-SnBF6-216-7248895,0.999979615,-0.000518857
604,32-SnBrF6-216-4617528,0.999971271,-0.000104172
605,32-SnBrF6-225-5257152,0.999999762,0.000975075
606,32-SnClO6-216-4239328,0.999998689,-0.001646122
607,32-SnClO6-216-4491748,0.999979258,-0.001639732
608,32-SNF6-216-1250921,0.999988914,0.002206691
609,32-SNF6-216-2475993,0.99999547,-0.000901068
610,32-SNF6-216-6953797,0.999994874,0.002075451
611,32-SNF6-216-7480177,0.99998796,0.001445918
612,32-SNF6-216-979832,0.999999285,-0.000583446
613,32-SNF6-225-9646076,0.99993372,0.001607301
614,32-SnGeF6-216-4586997,0.999927044,-0.001550364
615,32-SnGeF6-216-5147212,0.999988675,0.001371418
616,32-SnGeF6-216-7624428,0.999982715,0.001209251
617,32-SnNO6-216-9139632,0.999988914,-0.001815079
618,32-SnSbF6-216-7255288,0.999990582,0.00110227
619,32-SnSbF6-216-8358050,0.999987483,0.001744829
620,32-SnSbF6-216-9585965,0.999956846,0.001814207
621,32-SrBiF6-216-4850987,0.999990463,0.001626805
622,32-SrCF6-216-3932254,0.999963164,0.000747588
623,32-SrCF6-216-4394454,0.999968648,-0.002138051
624,32-SrClO6-225-4607824,0.999996305,-0.003045956
625,32-SrClO6-225-5509574,0.999999285,-0.002587315
626,32-SrCoO6-216-7958599,0.999999642,-0.002313131
627,32-SrDyO6-216-8717111,0.999978065,-0.002499539
628,32-SrDyO6-216-8992974,0.999969244,-0.00295889
629,32-SrHgO6-216-1683355,0.999998808,-0.001815262
630,32-SrHgO6-216-8261309,0.999999881,-0.001806751
631,32-SrLuO6-216-2171407,0.999999881,-0.001701835
632,32-SrLuO6-216-7152336,0.999999762,-0.001687383
633,32-SrLuO6-216-7449037,0.999961019,-0.001697578
634,32-SrMnO6-216-8320107,0.999973416,-0.002254535
635,32-SrPrF6-216-2734278,0.999949932,0.001777812
636,32-SrPrF6-216-4396948,0.999965191,0.001733021
637,32-SrPrF6-216-9446757,0.999997497,0.001654357
638,32-SrSiO6-225-8992425,0.999981403,-0.00267084
639,32-SrTbO6-216-52203,0.999962807,-0.002722323
640,32-SrTeF6-216-2777076,0.999999285,-0.000895376
641,32-SrTeO6-216-8367909,0.999979496,-0.002711634
642,32-TaCF6-216-1537724,0.999997497,0.000465573
643,32-TaHgO6-216-4001864,0.999989986,-0.001917168
644,32-TaHgO6-216-8646547,0.99993813,-0.001855075
645,32-TaSeF6-216-2461138,0.999926448,0.001630319
646,32-TaSeF6-216-6655335,0.999999762,0.00160138
647,32-TaSO6-216-1408151,0.999983549,-0.001584144
648,32-TbBrF6-225-7107400,0.999963522,-0.000616819
649,32-TbCdF6-216-1886220,0.999955773,0.000315881
650,32-TbCdF6-216-8681693,0.999943137,-0.002932872
651,32-TbCdF6-216-9269501,0.999982476,0.000486834
652,32-TbCF6-216-4506882,0.999983907,0.000400974
653,32-TbClO6-216-5200233,0.999944448,-0.002188989
654,32-TbClO6-225-7649690,0.999999523,-0.002986587
655,32-TbIO6-225-5660129,0.999999762,-0.002214879
656,32-TbLuO6-216-7014047,0.999999523,-0.001993139
657,32-TbNbO6-216-3535941,0.999988317,-0.002713483
658,32-TbSbF6-216-9548307,0.999999285,0.001178757
659,32-TbSeO6-225-3778555,0.99999094,-0.00245612
660,32-TbTaO6-216-676254,0.999996424,-0.003170654
661,32-TbTaO6-216-9443695,0.999999881,-0.002467087
662,32-TbYO6-216-2760603,0.999994397,-0.002503667
663,32-TbYO6-216-286924,0.999999881,-0.002422828
664,32-TbYO6-216-8153614,0.999999285,-0.002496961
665,32-TcAuO6-216-8885055,0.999955297,-0.002631706
666,32-TcCF6-216-9981614,0.999956489,0.000325343
667,32-TeCF6-216-2862137,0.99996686,-0.001551564
668,32-TeCF6-216-4383128,0.999971747,-0.000772486
669,32-TeCF6-216-8467597,0.999989986,-0.003725087
670,32-TeIF6-216-2459196,0.999993086,0.001723996
671,32-TeIF6-216-707075,0.999945641,0.001643986
672,32-TeIF6-216-8700661,0.999991298,0.001806147
673,32-TeNF6-216-2381387,0.999997616,0.001292654
674,32-TeNF6-216-6072853,0.999986053,0.00057744
675,32-TeNF6-216-947662,0.999999762,-0.001515099
676,32-TeO6F-225-1487568,0.999921322,-0.002579492
677,32-TeO6F-225-5643202,0.999969959,-0.003010444
678,32-TeO6F-225-9126491,0.999967933,-0.003000781
679,32-TePF6-216-2372471,0.999985576,-0.00145796
680,32-TePF6-216-3996486,0.999959946,0.001368311
681,32-TePF6-216-8637906,0.999940157,-0.001220498
682,32-TeSeF6-216-2001883,0.999936104,0.001627447
683,32-TeSeF6-216-3006951,0.999937773,-0.001309028
684,32-TeSeF6-216-9950226,0.999961615,-0.001048033
685,32-ThAlF6-225-8089046,0.999980211,0.001096258
686,32-ThBF6-216-4913953,0.999990463,0.00168367
687,32-ThBiO6-225-746787,0.999945045,-0.002456552
688,32-ThBrF6-216-1007927,0.999979496,-0.000252192
689,32-ThCdF6-216-9223419,0.999975562,0.000655982
690,32-ThClF6-225-7799021,0.999941826,0.001568316
691,32-ThClF6-225-940761,0.999962211,0.000592517
692,32-ThNF6-216-7390724,0.999927282,-0.000633456
693,32-ThPbF6-225-8474832,0.999999642,0.001249694
694,32-ThPtO6-216-1305565,0.999998093,-0.001640056
695,32-ThPtO6-216-7009869,0.999945283,-0.001629074
696,32-ThScO6-216-1327151,0.999938726,-0.00312114
697,32-ThSiF6-216-6101756,0.999963403,-0.000845035
698,32-ThWO6-216-8429495,0.999931097,-0.002319956
699,32-ThZrF6-225-6983403,0.999999285,8.17E-05
700,32-TiAuO6-216-77335,0.99999702,-0.002486109
701,32-TiAuO6-216-8431747,0.999996424,-0.002508367
702,32-TiCO6-216-1198830,0.99999547,-0.003050068
703,32-TiCO6-216-9282164,0.999988914,-0.003056037
704,32-TiIF6-216-1062874,0.999937654,0.00183118
705,32-TiIF6-216-6748292,0.999965668,0.001862988
706,32-TiSbF6-216-2085759,0.999948502,0.001395536
707,32-TiSF6-216-1336470,0.999979854,0.000787969
708,32-TiSF6-216-4713007,0.999962091,0.002100646
709,32-TiSF6-216-5150881,0.999977827,0.002051981
710,32-TiSF6-216-5370169,0.999946594,0.002031979
711,32-TiSF6-216-6521418,0.999943137,0.000152366
712,32-TiSF6-216-8232198,0.999941707,0.002077958
713,32-TiSnF6-216-1543933,0.999992132,-0.000311597
714,32-TiSnF6-216-4761180,0.999961138,0.001684459
715,32-TiSnO6-216-4524254,0.999985337,-0.001878395
716,32-TlBF6-225-2146734,0.999999404,0.002341752
717,32-TlBrO6-216-8214105,0.999959111,-0.001403873
718,32-TlCF6-216-1865249,0.999977708,0.001294108
719,32-TlCF6-216-5379136,0.999962091,0.001234752
720,32-TlClF6-216-2127839,0.999972463,0.002331704
721,32-TlClF6-216-7186758,0.999985576,0.000138558
722,32-TlCO6-225-8217104,0.999932885,-0.00239282
723,32-TlSbF6-216-1936347,0.999954581,0.002085848
724,32-TlSbF6-216-6052766,0.999953985,0.002017293
725,32-TmAuO6-216-784321,0.999995828,-0.002401495
726,32-TmBrO6-216-8903392,0.999921441,-0.002613189
727,32-TmIF6-216-2219417,0.999937415,0.002041898
728,32-TmIF6-216-3997889,0.999993205,0.002017489
729,32-TmInO6-225-3599489,0.999982834,-0.003033166
730,32-TmLuO6-216-1742095,0.999960542,-0.002116732
731,32-TmLuO6-216-6107647,0.999920607,-0.001673165
732,32-TmO6F-225-8710817,0.999970913,-0.002945598
733,32-TmPbF6-216-8722195,0.999976754,0.001837759
734,32-TmSbF6-216-5761050,0.999973655,0.001485856
735,32-TmSbF6-216-9692345,0.999958873,0.001434341
736,32-TmScF6-216-6812604,0.99997139,0.00160374
737,32-TmSnF6-225-9032259,0.999999523,-0.00080949
738,32-TmWO6-216-1586993,0.999928951,-0.001752694
739,32-UBF6-216-2243089,0.999958515,-0.000653259
740,32-UBF6-216-570373,0.999999881,0.001631686
741,32-UClO6-225-9664069,0.999981999,-0.002030689
742,32-UGeO6-216-7098028,0.999983072,-0.003244229
743,32-USbF6-216-5155475,0.999960065,0.001289661
744,32-USbF6-216-889527,0.999925971,0.001345676
745,32-USeF6-225-7043297,0.999998331,0.001555041
746,32-VAgO6-216-9887395,0.999999046,-0.002117872
747,32-VGeO6-216-8883363,0.999977589,-0.002632445
748,32-VNiO6-216-1459986,0.999995232,-0.002914861
749,32-VNiO6-216-7480473,0.999996066,-0.002923782
750,32-VPO6-216-3704387,0.999999046,-0.00216799
751,32-WCO6-216-8313401,0.999952435,-0.002681591
752,32-YbEuF6-216-6693577,0.999938011,0.001458904
753,32-YbFeF6-216-4886641,0.999965787,0.001488978
754,32-YbHfF6-216-1424255,0.999992967,0.00142096
755,32-YbHfF6-216-8973750,0.999945164,0.001350814
756,32-YbIF6-216-731028,0.999926329,0.00182725
757,32-YbInF6-216-1507057,0.999986529,-0.001791453
758,32-YbInF6-216-9501973,0.999965668,0.00124287
759,32-YbNiO6-216-4040981,0.999998569,-0.003871368
760,32-YbNiO6-216-8626100,0.999920726,-0.003066956
761,32-YbO6F-225-5062362,0.999997497,-0.002032388
762,32-YbO6F-225-7667113,0.999991059,-0.00255802
763,32-YBrF6-216-2863574,0.999978185,0.001561765
764,32-YBrF6-216-3558357,0.999995828,-0.000581058
765,32-YBrF6-216-5384435,0.99996984,0.001492994
766,32-YBrF6-216-757380,0.999999404,0.001615426
767,32-YBrO6-216-6460255,0.999998927,-0.002066105
768,32-YbSeO6-216-4128031,0.999995232,-0.001953366
769,32-YbSeO6-216-5967463,0.999971271,-0.001994273
770,32-YbSeO6-216-8962091,0.999976277,-0.001933644
771,32-YbSiF6-225-1648885,0.999984026,0.000331666
772,32-YbTmF6-216-4133154,0.999939799,0.001421991
773,32-YbTmF6-216-6635099,0.999923944,-0.000951737
774,32-YCdF6-216-2005043,0.999953985,0.000757404
775,32-YCdF6-216-7186261,0.999985218,-0.002414306
776,32-YClF6-216-4280783,0.999995828,0.001725147
777,32-YGaO6-216-9202076,0.999999523,-0.002339446
778,32-YGaO6-216-9256462,0.999944687,-0.002357613
779,32-YInF6-216-9925097,0.999946356,-0.001164201
780,32-YIrF6-216-1094144,0.999921441,0.000826982
781,32-YMoF6-216-1937062,0.999941707,0.001153925
782,32-YTeF6-216-7313046,0.999996185,0.001379353
783,32-YZnO6-216-2076229,0.999964118,-0.002312519
784,32-YZnO6-216-7843550,0.999969125,-0.002358527
785,32-ZnBF6-216-4760890,0.999921083,0.001442839
786,32-ZnBF6-216-5619006,0.999930501,-0.000469733
787,32-ZnBF6-216-9803217,0.999958396,0.001430176
788,32-ZnCdF6-216-7001960,0.999939799,-0.001739717
789,32-ZnIF6-216-4879525,0.999964833,0.001706694
790,32-ZnIF6-216-7684666,0.999939322,0.000488499
791,32-ZnIF6-216-7874671,0.999987841,0.001734971
792,32-ZnRuO6-216-5398616,0.999999881,-0.002242567
793,32-ZnSeO6-216-5220219,0.999960423,-0.00206512
794,32-ZnSiF6-216-9140085,0.999970913,0.001269524
795,32-ZnSiF6-225-7673009,0.999991894,0.001347864
796,32-ZrCdF6-216-2164245,0.999974966,0.000558962
797,32-ZrCdF6-216-4588824,0.999983788,-0.001209729
798,32-ZrCF6-216-7245438,0.999983907,-0.002825908
799,32-ZrClF6-216-7997177,0.999976993,0.001618942
800,32-ZrGaF6-216-1523858,0.999959826,0.001287817
801,32-ZrGaF6-216-1696332,0.999929428,-0.00047732
802,32-ZrGaF6-216-8735769,0.999999642,0.000810001
803,32-ZrIO6-216-6927955,0.999982953,-0.001908187
804,32-ZrNbF6-225-7278778,0.999971151,0.001138756
805,32-ZrNpF6-216-3307183,0.999950647,0.000558923
806,32-ZrNpF6-216-720962,0.999970078,0.001159473
807,32-ZrNpF6-216-8171022,0.999949694,0.001049129
808,32-ZrNpF6-216-9408338,0.999983072,-0.00043003
809,32-ZrPbF6-216-1372087,0.999953747,0.001762403
810,32-ZrPbF6-216-6946629,0.99995482,0.001791218
811,36-Ac(GaO3)2-225-5986336,0.999962926,-0.002423992
812,36-Ac2PbF6-225-4699663,0.999984026,0.00117861
813,36-AcSc2O6-225-6251228,0.999932289,-0.002104077
814,36-AcTa2F6-225-1879755,0.999988914,0.000818169
815,36-AgSn2F6-225-6821308,0.999949098,0.001777273
816,36-Al(ClF3)2-225-5804087,0.999973536,0.000936694
817,36-Al(GaO3)2-225-4709612,0.999996424,-0.002031507
818,36-Al2NiO6-225-9787061,0.999981523,-0.002324762
819,36-AsP2F6-225-2338298,0.999999881,0.001503206
820,36-Au(IO3)2-225-8302449,0.999987721,-0.00156475
821,36-Ba2PdF6-225-6287886,0.999966264,0.002141962
822,36-Ba2RhF6-225-943592,0.999976277,0.001382129
823,36-Ba2YbO6-225-7312178,0.999979973,-0.002076774
824,36-BaTb2O6-225-9844479,0.99999249,-0.00222035
825,36-Ca2DyO6-225-8759582,0.999923468,-0.001426662
826,36-Ca2HoO6-225-6168555,0.999981523,-0.001197254
827,36-Ca2MgO6-225-7442281,0.999991059,-0.001431738
828,36-Ca2NbO6-225-9581653,0.999995351,-0.001373526
829,36-Ca2PtO6-225-7325001,0.999994636,-0.000676203
830,36-Ca2SnO6-225-5233494,0.999987841,-0.000822656
831,36-CaPd2F6-225-2519629,0.999930263,0.002189504
832,36-Cd2SiF6-225-5008423,0.999969363,-8.15E-05
833,36-Cd2SiF6-225-578677,0.999990344,-0.000155835
834,36-Ce2HgO6-225-9317979,0.999982595,-0.0015401
835,36-Ce2PdO6-225-4039538,0.999929428,-0.001717887
836,36-Ce2PmF6-225-1317749,0.999987364,0.001102332
837,36-Ce2ZnO6-225-5340530,0.99998796,-0.001977968
838,36-CeCd2F6-225-1752489,0.999966502,-0.0001433
839,36-CeGd2F6-225-3755772,0.999991775,0.00121164
840,36-CeTe2F6-225-1287197,0.999999523,0.001003
841,36-Co(SO3)2-225-1640980,0.99998343,-0.001002212
842,36-CoSn2F6-225-2772115,0.999982834,0.001721681
843,36-CoSn2F6-225-417975,0.999999285,0.001722552
844,36-Cr(PbO3)2-225-6797781,0.999995828,-0.001187526
845,36-Cr(SiO3)2-225-537765,0.999985456,-0.001914545
846,36-Cs2CoF6-225-7923709,0.999985576,0.001283747
847,36-Cs2RhF6-225-5720932,0.99999845,0.000903821
848,36-CsTm2O6-225-2529834,0.999982357,-0.001740209
849,36-Cu(IF3)2-225-6789583,0.999999642,0.001813667
850,36-Dy2SbO6-225-1595702,0.99995327,-0.002670168
851,36-Dy2TaF6-225-9863017,0.999998569,0.000628565
852,36-DyNb2O6-225-6369531,0.999971151,-0.002742214
853,36-DyP2F6-225-5935316,0.999940872,8.91E-05
854,36-Er(ClO3)2-225-5448371,0.999997735,-0.001373725
855,36-Er2RuO6-225-3849864,0.9999789,-0.001262231
856,36-ErCd2O6-225-5141612,0.999983788,-0.003072079
857,36-Eu2HgO6-225-4773764,0.999996901,-0.001605941
858,36-Eu2HgO6-225-6562513,0.999997497,-0.001563671
859,36-Eu2NbO6-225-2008037,0.999927759,-0.002121452
860,36-Eu2SiF6-225-2069845,0.999999642,0.001347756
861,36-Fe(TeO3)2-225-7726825,0.999973655,-0.002121213
862,36-Ga2CuO6-225-1737540,0.99996233,-0.002367276
863,36-Ga2OsO6-225-1264927,0.99999094,-0.00229423
864,36-GaSi2F6-225-7124998,0.999971986,0.000962613
865,36-GaSi2F6-225-9830505,0.999994397,0.000902912
866,36-Gd2CdO6-225-4585890,0.999976277,-0.002737473
867,36-Gd2CO6-225-1162587,0.999989152,-0.00276016
868,36-Gd2GeO6-225-8926636,0.999975204,-0.002776318
869,36-Gd2NO6-225-4828899,0.999952197,-0.002391752
870,36-Ge(OF3)2-225-9867043,0.999976039,0.000128273
871,36-Hf2AgF6-225-6199197,0.999947429,0.00111954
872,36-Hf2AsF6-225-8617905,0.999987483,0.00065746
873,36-Hf2AsF6-225-903632,0.999939203,0.001396303
874,36-Hf2MnF6-225-3383550,0.999995112,0.001274162
875,36-Hf2NbF6-225-6446523,0.999991655,0.000788883
876,36-Hf2NF6-225-1405802,0.999986172,0.001169697
877,36-Hf2PbO6-225-9668878,0.999986887,-0.001815854
878,36-HfTa2O6-225-8609013,0.999964952,-0.002229459
879,36-In2BrF6-225-6376530,0.999997139,0.00113941
880,36-In2CF6-225-2598108,0.999976158,0.00022994
881,36-In2MoF6-225-5671242,0.999969125,0.00077594
882,36-In2RuF6-225-4432657,0.999988556,0.001024978
883,36-Ir(SF3)2-225-9715914,0.999975562,0.001986839
884,36-K2PaO6-225-9602070,0.999984503,-0.001811096
885,36-K2PrO6-225-1492114,0.999978542,-0.001721652
886,36-KU2O6-225-9961696,0.999999881,-0.002098344
887,36-La(GeO3)2-225-4611188,0.999988198,-0.002644231
888,36-La(SF3)2-225-5723178,0.9999367,0.002643178
889,36-La2YbF6-225-8836205,0.999940157,0.001385011
890,36-La2ZrF6-225-2230135,0.999993443,0.001713954
891,36-LaHf2O6-225-1484125,0.999946356,-0.001894177
892,36-LaSm2F6-225-4585318,0.999992728,0.001371986
893,36-Lu(PdO3)2-225-3443727,0.999995947,-0.001107082
894,36-Lu(PdO3)2-225-5926931,0.999951482,-0.001111005
895,36-Lu2InF6-225-3243874,0.999996662,0.001983604
896,36-Lu2MoO6-225-5956254,0.999998569,-0.001332292
897,36-Lu2NiO6-225-8473341,0.999999523,-0.001891511
898,36-Lu2PdO6-225-8708682,0.999971151,-0.000902751
899,36-LuP2F6-225-9788668,0.999992728,0.001071085
900,36-MgSn2F6-225-4333494,0.99995625,0.001491544
901,36-MgTa2F6-225-711960,0.99998641,0.000807342
902,36-MgTe2F6-225-2845390,0.999982119,-0.000158509
903,36-Mn(IF3)2-225-7979758,0.999997854,0.002103742
904,36-NaPm2O6-225-4900745,0.999984384,-0.00183405
905,36-NaSr2F6-225-612053,0.999923229,0.001972349
906,36-Nb(NF3)2-225-4263287,0.999999404,0.001105686
907,36-Nb2SeO6-225-6676793,0.99998033,-0.002243269
908,36-Nb2SeO6-225-9120591,0.999935865,-0.002274041
909,36-Nd2AsF6-225-6986259,0.999929547,0.002285444
910,36-Nd2GaF6-225-766065,0.999958992,0.001901414
911,36-Nd2HfO6-225-3654565,0.999997497,-0.001796288
912,36-Nd2NbO6-225-4079673,0.999996543,-0.00151049
913,36-Ni(BrF3)2-225-6572994,0.99996984,0.000679815
914,36-Np(GaO3)2-225-4828894,0.999995947,-0.002479763
915,36-Np2WO6-225-6353643,0.999930024,-0.002069617
916,36-OsPt2F6-225-9543962,0.999997258,0.002171697
917,36-Pa2GaO6-225-6990304,0.999984741,-0.002005945
918,36-Pa2IO6-225-5366351,0.999941111,-0.001609331
919,36-PaTa2F6-225-1240306,0.999998689,0.001181932
920,36-Pm2IO6-225-9848829,0.999953866,-0.002064486
921,36-Pr(ClF3)2-225-7443517,0.999993086,0.001952278
922,36-Pr2TeO6-225-6030942,0.999980927,-0.001773791
923,36-PrGd2O6-225-4452056,0.999965191,-0.001863706
924,36-PrPa2O6-225-1806155,0.999959826,-0.001749556
925,36-PtPb2F6-225-861215,0.99999845,0.002366775
926,36-Pu2RhO6-225-2252212,0.999971986,-0.001939696
927,36-Rb(FeO3)2-225-6211008,0.999945521,-0.002196535
928,36-Rb2AcF6-225-8800454,0.999987841,0.000370635
929,36-Re(IF3)2-225-6376061,0.999990106,0.001643425
930,36-Ru(BrF3)2-225-2047764,0.999943018,0.001596681
931,36-Ru(ClF3)2-225-102488,0.99997282,0.001762897
932,36-Ru(IF3)2-225-4981452,0.999958634,0.00199686
933,36-S2OF6-225-3763501,0.999999166,0.001776273
934,36-Sb(TeO3)2-225-1160186,0.999999762,-0.002318993
935,36-Sb(TeO3)2-225-1670107,0.999999046,-0.002273659
936,36-Sc2AgO6-225-7596392,0.999990821,-0.001882249
937,36-Sc2OsO6-225-9461196,0.999923229,-0.00196312
938,36-Sc2PdF6-225-3534380,0.999981403,0.001688279
939,36-ScPd2F6-225-829858,0.99993515,0.001819797
940,36-ScPd2F6-225-9350365,0.999990463,0.001884777
941,36-ScTe2F6-225-973665,0.999999523,0.001020751
942,36-Si(GeO3)2-225-1899539,0.999999762,-0.002924118
943,36-Si2CO6-225-202519,0.999921918,-0.00281745
944,36-Si2RuF6-225-6434676,0.999999285,0.001270601
945,36-Sm(PdO3)2-225-9836585,0.999999166,-0.001588904
946,36-Sm(PtO3)2-225-8059755,0.999995828,-0.001164455
947,36-Sm2OsO6-225-498521,0.999980092,-0.002199508
948,36-SmCd2F6-225-657821,0.999973655,-0.000353062
949,36-SmDy2F6-225-1114978,0.999999046,0.0004434
950,36-SmTh2O6-225-5958616,0.999999881,-0.002031841
951,36-Sn2GeO6-225-4666876,1,-0.001873774
952,36-Sn2TeO6-225-7976921,0.999943137,-0.001522139
953,36-SnGe2F6-225-9997218,0.999999881,0.000672551
954,36-Sr2SnO6-225-2786970,0.999999523,-0.00157234
955,36-SrNp2O6-225-3279811,0.99998796,-0.002361826
956,36-SrNp2O6-225-7146079,0.999997616,-0.002848843
957,36-TaSn2F6-225-8363663,0.999988079,0.001828701
958,36-Tb(SF3)2-225-522332,0.999954939,0.002276097
959,36-Tb2AsF6-225-1240584,0.999924898,0.001068075
960,36-Tb2AsF6-225-8228547,0.999968171,0.001126598
961,36-Tb2GeF6-225-4183405,0.999969602,0.000408559
962,36-Tb2NiO6-225-7871301,0.999997735,-0.003135264
963,36-Tb2NiO6-225-9845322,0.999948144,-0.003603437
964,36-TbGd2O6-225-5834927,0.999999642,-0.002465817
965,36-Th(PbO3)2-225-5937619,0.999996662,-0.001362755
966,36-Th2AuO6-225-8749647,0.999998689,-0.002217147
967,36-Th2AuO6-225-9562618,0.999998331,-0.002171414
968,36-Th2MoO6-225-21290,0.999999046,-0.002126602
969,36-Th2NO6-225-4526995,0.999999166,-0.001919762
970,36-Th2ScO6-225-7781015,0.99999702,-0.001880544
971,36-TiTl2O6-225-7668042,0.999999762,-0.000899
972,36-Tl(SnO3)2-225-4684003,0.999941587,-0.000849081
973,36-Tl2ClO6-225-2120340,0.999934673,-0.000629835
974,36-Tl2TeF6-225-3228207,0.999989152,0.002338424
975,36-Tm(NF3)2-225-3318344,0.999996305,5.00E-05
976,36-Tm2BiO6-225-2791371,0.999998331,-0.002437924
977,36-TmB2F6-225-2969393,0.999985099,0.001541805
978,36-U2IrO6-225-5789762,0.999943733,-0.00253629
979,36-U2MnO6-225-1918523,0.999984145,-0.001946912
980,36-U2PbO6-225-9885671,0.999999404,-0.001751908
981,36-Y2GaO6-225-340927,0.999999523,-0.002168726
982,36-Y2HgO6-225-6598238,0.999998808,-0.001716147
983,36-Y2MnO6-225-4648782,0.999999404,-0.001912369
984,36-Y2MoO6-225-6804733,0.999993563,-0.00222684
985,36-Yb2NdO6-225-1663180,0.999999762,-0.002245094
986,36-Yb2NdO6-225-2315227,0.9999789,-0.001758435
987,36-Yb2NpO6-225-5796027,0.999999523,-0.002729256
988,36-Yb2NpO6-225-9413965,0.999979854,-0.002312309
989,36-Yb2YF6-225-462833,0.999982357,0.001147483
990,36-Yb2YF6-225-7333358,0.999996305,0.001172874
991,36-YbTm2O6-225-9646885,0.999993086,-0.002627785
992,36-Zr2CrO6-225-6522571,0.999982119,-0.001949509
993,36-Zr2NiF6-225-2620327,0.999944329,0.000433829
994,36-Zr2SO6-225-7780898,0.999980807,-0.00158835
995,52-Ga(ClF)6-225-2684922,0.999984741,-0.000832258
996,52-Tl(ClF)6-225-829882,0.999949574,-0.00054341
997,52-Tl(ClF)6-225-8506203,0.999956608,-0.002085795
998,5-EuZrF3-221-4362793,0.999994755,0.001024568
999,5-HoBF3-221-4664199,0.999961019,0.001174861
1000,5-ZrScF3-221-4445660,,0.001010036
