mp-1102430,1
mp-973069,1
mp-10060,1
mp-31756,1
mp-1516258,1
mp-1520128,1
mp-1184139,1
mp-1212197,1
mp-1111763,1
mp-1262076,1
mp-1111498,1
mp-1184424,1
mp-1205508,1
mp-1110992,1
mp-31452,1
mp-975299,1
mp-1516683,1
mp-962078,1
mp-863685,1
mp-1184771,1
mp-1009485,1
mp-1181597,1
mp-5408,1
mp-679,1
mp-16126,1
mp-2943,1
mp-1520401,1
mp-982040,1
mp-2375,1
mp-1184283,1
mp-1219547,1
mp-569197,1
mp-1228308,1
mp-1113095,1
mp-1187561,1
mp-1021668,1
mp-23763,1
mp-573204,1
mp-1186660,1
mp-865187,1
mp-20895,1
mp-1228804,1
mp-1190586,1
mp-1112030,1
mp-1518723,1
mp-1114497,1
mp-1521749,1
mp-643101,1
mp-1190044,1
mp-1111658,1
mp-862922,1
mp-24412,1
mp-2998,1
mp-1207081,1
mp-1521843,1
mp-1078887,1
mp-1188059,1
mp-1002220,1
mp-861965,1
mp-11224,1
mp-865783,1
mp-10904,1
mp-510349,1
mp-1102223,1
mp-1179516,1
mp-1111973,1
mp-865447,1
mp-1185718,1
mp-1214123,1
mp-1206741,1
mp-19904,1
mp-1885,1
mp-1191131,1
mp-1187596,1
mp-1186357,1
mp-30657,1
mp-614013,1
mp-775164,1
mp-984769,1
mp-1114601,1
mp-862312,1
mp-1214488,1
mp-1216440,1
mp-1187473,1
mp-867304,1
mp-1517595,1
mp-1111977,1
mp-1184624,1
mp-1187347,1
mp-1111194,1
mp-10735,1
mp-1183617,1
mp-1517726,1
mp-1183638,1
mp-1025250,1
mp-1181879,1
mp-11242,1
mp-1112176,1
mp-973432,1
mp-14052,1
mp-10191,1
mp-558189,1
mp-862733,1
mp-866006,1
mp-1110633,1
mp-1183458,1
mp-862602,1
mp-975515,1
mp-10891,1
mp-2031,1
mp-1555,1
mp-30600,1
mp-10036,1
mp-1103830,1
mp-1209029,1
mp-1520655,1
mp-975933,1
mp-772189,1
mp-1194195,1
mp-866185,1
mvc-7954,1
mp-1518321,1
mp-1519249,1
mp-756908,1
mp-2126,1
mp-1105918,1
mp-1016929,1
mp-1205000,1
mp-1208478,1
mp-1202445,1
mp-867321,1
mp-1068795,1
mp-2560,1
mp-740759,1
mp-1186456,1
mp-1100773,1
mp-567418,1
mp-13613,1
mp-20801,1
mp-29078,1
mp-18222,1
mp-1517843,1
mp-1106289,1
mp-1418,1
mp-20305,1
mp-1521263,1
mp-1238779,1
mp-1522044,1
mp-1114329,1
mp-1519546,1
mp-867803,1
mp-862819,1
mp-1079228,1
mp-1518151,1
mp-1183823,1
mp-1182920,1
mp-1213017,1
mp-1185943,1
mp-1183048,1
mp-1206344,1
mp-1100785,1
mp-1114569,1
mp-672297,1
mp-976339,1
mp-11335,1
mp-1040464,1
mp-11561,1
mp-14070,1
mp-1522332,1
mp-862704,1
mp-615,1
mp-6186,1
mp-1185361,1
mp-867241,1
mp-24227,1
mp-1184399,1
mp-6988,1
mp-1518664,1
mp-866160,1
mp-1186955,1
mp-979433,1
mp-1517386,1
mp-765360,1
mp-862776,1
mp-1158,1
mp-866227,1
mp-771762,1
mp-1184769,1
mp-1519075,1
mp-1112950,1
mp-864660,1
mp-1187574,1
mp-31168,1
mp-1660,1
mp-989521,1
mp-863703,1
mp-1215544,1
mvc-13180,1
mp-1187563,1
mp-866111,1
mp-867164,1
mp-862702,1
mp-1183719,1
mp-977393,1
mp-1517339,1
mp-1517681,1
mp-1226392,1
mp-1516440,1
mp-1077534,1
mp-1009127,1
mp-865116,1
mp-1211477,1
mp-23512,1
mp-1201940,1
mp-865234,1
mp-1516532,1
mp-2930,1
mp-1188524,1
mp-1517281,1
mp-1521459,1
mp-1214037,1
mp-1179380,1
mp-1211478,1
mp-581805,1
mp-1178248,1
mp-1518971,1
mp-22658,1
mp-976182,1
mp-1210342,1
mp-2696,1
mp-17862,1
mp-1490,1
mp-865415,1
mp-1523004,1
mp-32597,1
mp-983412,1
mp-510402,1
mp-1114589,1
mp-1029568,1
mp-1184204,1
mp-1520844,1
mp-1112935,1
mp-1209766,1
mp-1020,1
mp-41605,1
mp-1187402,1
mp-2439,1
mp-1519881,1
mvc-8332,1
mp-1202337,1
mp-1187889,1
mp-16358,1
mp-865317,1
mp-1016877,1
mp-623134,1
mp-1080726,1
mp-973826,1
mp-1520370,1
mp-1195443,1
mp-865044,1
mp-866115,1
mp-1016843,1
mp-1197613,1
mp-1186761,1
mp-5893,1
mp-977390,1
mp-1178267,1
mp-1214623,1
mp-1187188,1
mp-1205650,1
mp-1519349,1
mp-1186792,1
mp-865422,1
mp-635,1
mp-1212598,1
mp-1520738,1
mp-1187500,1
mp-1018629,1
mp-1113528,1
mp-1187667,1
mp-554545,1
mp-1111974,1
mp-1079399,1
mp-1112028,1
mp-1518389,1
mp-867198,1
mp-1521091,1
mp-1103943,1
mp-865876,1
mp-1114422,1
mp-1096954,1
mp-1211950,1
mp-980662,1
mp-1147534,1
mp-756670,1
mp-1193113,1
mp-1187078,1
mp-1114581,1
mp-571584,1
mp-1189162,1
mp-555835,1
mp-978862,1
mp-9262,1
mp-1114148,1
mp-979713,1
mp-30592,1
mp-759476,1
mp-1520939,1
mp-1183808,1
mp-1113876,1
mp-1183555,1
mp-14921,1
mp-1186569,1
mp-1213390,1
mp-11263,1
mp-1564,1
mp-570377,1
mp-865261,1
mp-867173,1
mp-1521352,1
mp-1187031,1
mp-1186654,1
mp-28022,1
mp-867880,1
mp-976265,1
mp-1007974,1
mp-1236,1
mp-1208278,1
mp-364,1
mp-865931,1
mp-1009264,1
mp-1105927,1
mp-1114554,1
mp-1013734,1
mp-1112074,1
mp-1111668,1
mp-1245534,1
mp-570547,1
mp-1106327,1
mp-1111572,1
mp-974523,1
mp-1207196,1
mp-1112422,1
mp-9295,1
mp-24447,1
mp-504723,1
mvc-27,1
mp-1518218,1
mp-12304,1
mp-1516893,1
mp-1201505,1
mp-1578,1
mp-3654,1
mp-20855,1
mp-757851,1
mp-1205596,1
mp-1193255,1
mp-1518526,1
mp-973779,1
mp-1523222,1
mp-1185414,1
mp-1111179,1
mp-1078552,1
mp-1189243,1
mp-865735,1
mp-11569,1
mp-1190765,1
mp-865566,1
mp-1188626,1
mp-864747,1
mp-1163940,1
mp-1101765,1
mp-976793,1
mp-558752,1
mp-1519547,1
mp-1112482,1
mp-541595,1
mp-1112946,1
mp-1205582,1
mp-1112132,1
mp-571336,1
mp-15974,1
mp-557958,1
mp-535,1
mp-1113481,1
mp-1209708,1
mp-1208365,1
mp-1147678,1
mp-607437,1
mp-803,1
mp-11418,1
mp-1111507,1
mp-1518329,1
mp-570860,1
mp-646116,1
mp-1075902,1
mp-1112503,1
mp-1523242,1
mp-1113374,1
mp-1516361,1
mp-865109,1
mp-1516316,1
mp-865174,1
mp-862820,1
mp-15778,1
mp-1184435,1
mp-1111245,1
mp-1210867,1
mp-561515,1
mp-755044,1
mp-1228138,1
mp-1518537,1
mp-2116,1
mp-1186075,1
mp-862339,1
mp-961667,1
mp-10198,1
mp-1186133,1
mp-29242,1
mp-550274,1
mp-642477,1
mp-567387,1
mp-1516960,1
mp-10695,1
mp-1113091,1
mp-4590,1
mp-1522549,1
mp-1202323,1
mp-568021,1
mp-1104410,1
mp-863668,1
mp-1184461,1
mp-569313,1
mp-342,1
mp-1223045,1
mp-998979,1
mp-640551,1
mp-1112200,1
mp-861628,1
mp-1187811,1
mp-639675,1
mp-1184044,1
mp-1184388,1
mp-866029,1
mp-1114713,1
mp-1184997,1
mp-1184758,1
mp-1112188,1
mp-1180900,1
mp-1114156,1
mp-979039,1
mp-1186967,1
mp-1522301,1
mp-1084832,1
mp-651768,1
mp-977399,1
mp-1202441,1
mp-1017447,1
mp-1646,1
mp-1196120,1
mp-1295,1
mp-29342,1
mp-1186166,1
mp-768971,1
mp-567172,1
mp-1194354,1
mp-5660,1
mp-1183037,1
mp-973153,1
mp-672709,1
mp-1206307,1
mp-567370,1
mp-1201205,1
mp-28133,1
mp-1113575,1
mp-867210,1
mp-1100414,1
mp-1517166,1
mp-20285,1
mp-1184007,1
mp-19053,1
mp-2311,1
mp-1113542,1
mp-1522021,1
mp-397,1
mp-1183906,1
mp-1183451,1
mp-1211646,1
mp-865953,1
mp-1114053,1
mp-1200279,1
mp-1147771,1
mp-1100401,1
mp-865225,1
mp-30791,1
mp-1180319,1
mp-867346,1
mp-12559,1
mp-5748,1
mp-1522596,1
mp-1520382,1
mp-1184061,1
mp-972370,1
mp-1205568,1
mp-1224794,1
mp-20029,1
mp-1112237,1
mp-2390,1
mp-1196139,1
mp-1186555,1
mp-1111258,1
mp-1208591,1
mp-12615,1
mp-1113049,1
mp-1154711,1
mp-1114284,1
mp-1187428,1
mp-1184333,1
mp-977224,1
mp-754678,1
mp-22731,1
mp-1186999,1
mp-1111177,1
mp-961719,1
mp-1111985,1
mp-2730,1
mp-1207184,1
mp-866020,1
mp-1111160,1
mvc-8325,1
mp-796,1
mp-1205701,1
mp-556264,1
mp-1114498,1
mp-976125,1
mp-866281,1
mp-1187335,1
mp-1185392,1
mp-1114390,1
mp-2680,1
mp-1221566,1
mp-1189460,1
mp-865573,1
mp-1196830,1
mp-1207946,1
mp-866471,1
mp-756066,1
mp-11473,1
mp-1058549,1
mp-1112102,1
mp-1111211,1
mp-867266,1
mp-20997,1
mp-999096,1
mp-1522372,1
mp-980426,1
mp-978281,1
mp-567857,1
mp-1206014,1
mp-600089,1
mp-862917,1
mp-1521829,1
mp-975255,1
mp-866177,1
mp-1184659,1
mp-1205699,1
mvc-4436,1
mp-2417,1
mp-565814,1
mp-675,1
mp-1522519,1
mp-865813,1
mp-1516478,1
mp-560790,1
mp-28525,1
mp-1518253,1
mp-863721,1
mp-1222648,1
mp-1111615,1
mp-1104290,1
mp-984104,1
mp-680553,1
mp-864907,1
mp-1219501,1
mp-1519506,1
mp-867877,1
mp-1194452,1
mp-1065,1
mp-1018647,1
mp-1215207,1
mp-1184349,1
mp-1225803,1
mp-975897,1
mp-862691,1
mp-973114,1
mp-20167,1
mp-1188031,1
mp-20262,1
mp-1112416,1
mp-1187492,1
mp-1114391,1
mp-1112095,1
mp-977547,1
mp-1179014,1
mp-11477,1
mp-1079458,1
mp-1222210,1
mp-1188004,1
mp-1185050,1
mp-972640,1
mp-1102716,1
mp-1205532,1
mp-1104860,1
mp-21989,1
mp-1185,1
mp-989610,1
mp-556853,1
mp-1245371,1
mp-780413,1
mp-865630,1
mp-862735,1
mp-4155,1
mp-2493,1
mp-1209783,1
mp-35249,1
mp-867827,1
mp-1226639,1
mp-1212564,1
mp-541047,1
mp-1519934,1
mp-864620,1
mp-1016227,1
mp-1208580,1
mp-6533,1
mp-972274,1
mp-22712,1
mp-11607,1
mp-1217223,1
mp-1113737,1
mp-1187537,1
mp-1113376,1
mp-1187238,1
mp-1247081,1
mp-560373,1
mp-989526,1
mp-19309,1
mp-1188448,1
mp-864805,1
mp-1206761,1
mp-977585,1
mp-979434,1
mp-345,1
mp-1521,1
mp-30454,1
mp-1112081,1
mp-1188019,1
mp-862821,1
mp-862928,1
mp-11286,1
mp-558539,1
mp-16728,1
mp-1189,1
mp-1176523,1
mp-865608,1
mp-1212001,1
mp-541145,1
mp-10149,1
mp-1183038,1
mp-1522630,1
mp-1516531,1
mp-1193776,1
mp-1094520,1
mp-1111033,1
mp-1097959,1
mp-1001916,1
mp-1519362,1
mp-3020,1
mp-1147701,1
mp-979272,1
mp-1009832,1
mp-975578,1
mp-1521404,1
mp-11259,1
mp-30615,1
mp-567351,1
mp-1216436,1
mp-862959,1
mp-1188834,1
mp-20119,1
mp-1208067,1
mp-1517402,1
mp-862765,1
mp-1183717,1
mp-1521261,1
mp-1214632,1
mp-1111196,1
mp-944271,1
mp-865230,1
mp-861884,1
mp-1522128,1
mp-1106307,1
mp-862921,1
mp-1112609,1
mp-978973,1
mp-989519,1
mp-1114686,1
mp-23333,1
mp-27526,1
mp-865746,1
mp-861617,1
mp-1521163,1
mp-1186603,1
mp-1183197,1
mp-1516351,1
mp-1212555,1
mp-1222685,1
mp-1179752,1
mp-1519678,1
mp-1112079,1
mp-645700,1
mp-865607,1
mp-1519536,1
mp-560894,1
mp-23287,1
mp-1016841,1
mp-1183543,1
mp-1204704,1
mp-23241,1
mp-866203,1
mp-1520908,1
mp-1187086,1
mp-1212057,1
mp-1522285,1
mvc-11052,1
mp-962065,1
mp-861966,1
mp-1523257,1
mp-1183771,1
mp-1179749,1
mp-867900,1
mp-1147677,1
mp-1518426,1
mp-30496,1
mp-979259,1
mp-1186515,1
mp-531184,1
mp-1016835,1
mp-973170,1
mp-1184264,1
mp-1206953,1
mp-21879,1
mp-11388,1
mp-1187927,1
mp-2070,1
mp-978095,1
mp-1183499,1
mp-1518972,1
mp-1112897,1
mp-1214459,1
mp-1114487,1
mp-1766,1
mp-1203141,1
mp-1226553,1
mp-1517965,1
mp-1179138,1
mp-1111512,1
mp-863434,1
mp-1106150,1
mp-1111762,1
mp-861992,1
mp-3782,1
mp-1143651,1
mp-1184969,1
mp-12641,1
mp-1438,1
mp-1215158,1
mp-1184837,1
mp-865460,1
mp-1111604,1
mp-1183553,1
mp-3576,1
mp-1193929,1
mp-1113858,1
mp-1024994,1
mp-37214,1
mp-1202355,1
mp-1186018,1
mp-1080730,1
mp-865843,1
mp-4974,1
mp-2840,1
mp-865569,1
mp-1183471,1
mp-30085,1
mp-1183070,1
mp-1057437,1
mp-862936,1
mp-1209168,1
mp-1518239,1
mp-1246716,1
mp-480,1
mp-866223,1
mp-1183531,1
mp-864943,1
mp-1247372,1
mp-1112676,1
mp-1523331,1
mp-3200,1
mp-1185786,1
mp-1112500,1
mp-1522379,1
mp-1218287,1
mp-1184235,1
mp-861877,1
mp-1017554,1
mp-867361,1
mp-1111490,1
mp-1187226,1
mp-980661,1
mp-1184216,1
mp-1339,1
mp-672677,1
mp-1522800,1
mp-1220348,1
mp-10183,1
mp-20180,1
mp-975972,1
mp-1702,1
mp-10609,1
mp-1113555,1
mp-31184,1
mp-1518430,1
mp-18265,1
mp-976185,1
mp-865586,1
mp-1215383,1
mp-1520075,1
mp-1516194,1
mp-862264,1
mp-1516398,1
mp-975664,1
mp-1183570,1
mp-20336,1
mp-1186933,1
mp-1112094,1
mp-1220373,1
mp-1200220,1
mp-1209680,1
mp-568430,1
mp-6265,1
mp-2515,1
mp-772198,1
mp-574025,1
mp-14389,1
mp-1185310,1
mp-866669,1
mp-6951,1
mp-1113550,1
mp-981234,1
mp-1519324,1
mp-862874,1
mp-985591,1
mp-1213979,1
mp-777545,1
mp-865138,1
mp-1186832,1
mp-1518753,1
mvc-4630,1
mp-1517397,1
mp-978520,1
mp-1193176,1
mp-863729,1
mp-1102284,1
mp-1210750,1
mp-18766,1
mp-1181927,1
mp-1113886,1
mp-1520404,1
mvc-14600,1
mp-1203312,1
mp-1112909,1
mp-1202143,1
mp-867835,1
mp-982443,1
mp-998159,1
mp-1113390,1
mp-570291,1
mp-1206084,1
mp-31175,1
mp-552676,1
mp-1113328,1
mp-1114282,1
mp-1232306,1
mp-1808,1
mp-1204245,1
mp-1111631,1
mp-2929,1
mp-867903,1
mp-1194097,1
mp-18352,1
mp-771387,1
mp-979176,1
mp-1016873,1
mp-1522634,1
mp-2124,1
mp-1185493,1
mp-1218741,1
mp-623862,1
mp-977563,1
mp-883,1
mp-1187713,1
mp-1188451,1
mp-978089,1
mp-1516730,1
mp-1408,1
mp-1105695,1
mp-764778,1
mp-1215481,1
mp-675514,1
mp-865774,1
mp-1111145,1
mp-1219284,1
mp-972945,1
mp-1518397,1
mp-1184348,1
mp-1111998,1
mp-1187965,1
mp-1848,1
mp-1187614,1
mp-1111983,1
mp-2088,1
mp-1519289,1
mp-861502,1
mp-1187344,1
mp-866162,1
mp-1186749,1
mp-1111679,1
mp-865206,1
mp-1519755,1
mp-861663,1
mp-973614,1
mp-973149,1
mp-1187153,1
mp-865897,1
mp-1113436,1
mp-19847,1
mp-1217190,1
mp-1113018,1
mp-1105833,1
mp-982772,1
mp-1087555,1
mp-2290,1
mp-1207616,1
mp-24095,1
mp-1183312,1
mp-1113506,1
mp-27831,1
mp-983559,1
mp-22259,1
mp-1184263,1
mp-1517127,1
mp-1114556,1
mp-246,1
mp-14778,1
mp-1207762,1
mp-1114700,1
mp-867170,1
mp-1183179,1
mp-1186465,1
mp-1213996,1
mp-2987,1
mp-1184567,1
mp-12956,1
mp-1571,1
mp-1100777,1
mp-1102440,1
mp-1522600,1
mp-862635,1
mp-33216,1
mp-1210143,1
mp-997585,1
mp-861948,1
mp-864654,1
mp-1112328,1
mp-1112451,1
mp-1209950,1
mp-1519712,1
mp-1018015,1
mp-2674,1
mp-862681,1
mp-1112004,1
mp-1518563,1
mp-1080799,1
mp-1517846,1
mp-1009020,1
mp-1114483,1
mp-865678,1
mp-20821,1
mp-21784,1
mp-1076,1
mp-23592,1
mp-1232246,1
mp-973267,1
mp-2589,1
mp-1193060,1
mp-1103791,1
mp-1521371,1
mp-1014993,1
mp-22549,1
mp-1183831,1
mp-973910,1
mp-24136,1
mp-1185499,1
mp-20741,1
mp-1181291,1
mp-518,1
mp-862561,1
mp-4262,1
mp-1186799,1
mp-2080,1
mp-1517230,1
mp-1207085,1
mp-1192498,1
mp-21022,1
mp-1105252,1
mp-555036,1
mp-1114393,1
mp-11360,1
mp-2883,1
mp-1197508,1
mp-984355,1
mp-1214079,1
mp-1254562,1
mp-20181,1
mp-1185344,1
mp-1189811,1
mp-977413,1
mp-1204076,1
mp-571474,1
mp-1114603,1
mp-1185174,1
mp-1114139,1
mp-2295,1
mp-1212489,1
mp-1247320,1
mp-1018043,1
mp-1114339,1
mp-1522520,1
mp-1112107,1
mp-1212667,1
mp-1187670,1
mp-866038,1
mp-1222954,1
mp-867192,1
mp-1522487,1
mp-1228807,1
mp-1111693,1
mp-1113713,1
mp-23201,1
mp-24020,1
mp-867225,1
mp-1077095,1
mp-6273,1
mp-1106031,1
mp-1112457,1
mp-1057758,1
mp-819,1
mp-1205844,1
mp-1101912,1
mp-649470,1
mp-1187783,1
mp-1147645,1
mp-1184251,1
mp-30234,1
mp-20160,1
mp-10895,1
mp-975387,1
mp-561507,1
mp-1513,1
mp-864939,1
mp-1212923,1
mp-754446,1
mp-1111662,1
mp-653855,1
mp-867195,1
mp-1020595,1
mp-1522338,1
mp-1186342,1
mp-1794,1
mp-1185270,1
mp-1519311,1
mp-1197032,1
mp-1519220,1
mp-740737,1
mp-866119,1
mp-1227842,1
mp-865375,1
mp-1212637,1
mp-556068,1
mp-864653,1
mp-555775,1
mp-1197269,1
mp-1183101,1
mp-973088,1
mp-1199830,1
mp-1112127,1
mp-10885,1
mp-505623,1
mp-1520430,1
mp-1186379,1
mp-1186097,1
mp-1517905,1
mp-1518869,1
mp-600096,1
mp-1522018,1
mp-1193073,1
mp-568931,1
mp-1094244,1
mp-1184281,1
mp-1184086,1
mp-1111921,1
mp-861640,1
mp-1187606,1
mp-1516898,1
mp-1072598,1
mp-1114521,1
mp-21932,1
mp-2228,1
mp-1215186,1
mp-568844,1
mp-975312,1
mp-1214464,1
mp-4405,1
mp-867921,1
mp-1522060,1
mp-1522426,1
mp-754768,1
mp-1219936,1
mp-1112070,1
mp-758452,1
mp-976722,1
mp-1094072,1
mp-30773,1
mvc-16739,1
mp-7381,1
mp-769211,1
mp-867915,1
mp-567210,1
mp-863713,1
mp-998552,1
mp-1520937,1
mp-1184827,1
mp-10692,1
mp-1205847,1
mp-12585,1
mp-1184521,1
mp-867292,1
mp-1215749,1
mp-1187041,1
mp-1520811,1
mp-1013733,1
mp-1104598,1
mp-864971,1
mp-1193819,1
mp-1079796,1
mp-1008872,1
mp-1112602,1
mp-1105546,1
mp-1111493,1
mp-1111613,1
mp-781738,1
mp-1519810,1
mp-1096944,1
mp-548615,1
mp-862992,1
mp-862967,1
mp-1111228,1
mp-556627,1
mp-1521929,1
mp-1520978,1
mp-1209491,1
mp-1186024,1
mp-20781,1
mp-862883,1
mp-1224645,1
mp-1522249,1
mp-1239192,1
mp-1184572,1
mp-867275,1
mp-1521147,1
mp-555726,1
mp-1187201,1
mp-780412,1
mp-989550,1
mp-862957,1
mp-1186560,1
mp-1111616,1
mp-8888,1
mp-1183552,1
mp-1114408,1
mp-667353,1
mp-864950,1
mp-555611,1
mp-1206536,1
mp-1200271,1
mp-554203,1
mp-581934,1
mp-1517512,1
mp-1202076,1
mp-1186218,1
mp-865648,1
mp-554973,1
mp-862720,1
mp-1516957,1
mp-1190245,1
mp-1520667,1
mp-1186137,1
mp-1113604,1
mp-985556,1
mp-4394,1
mp-1094857,1
mp-1187424,1
mp-21457,1
mp-1203748,1
mp-977205,1
mp-1199103,1
mp-4409,1
mp-20845,1
mp-31441,1
mp-982007,1
mp-6270,1
mp-1216450,1
mp-1522756,1
mp-1183467,1
mp-1184325,1
mp-1112941,1
mp-980206,1
mp-1183898,1
mp-1111210,1
mp-1518636,1
mp-867798,1
mp-862546,1
mp-636599,1
mp-1112542,1
mp-989535,1
mp-38489,1
mp-861641,1
mp-1187461,1
mp-30807,1
mp-10271,1
mp-1064228,1
mp-1520834,1
mp-1113405,1
mp-1087513,1
mp-1206414,1
mp-1178900,1
mp-18900,1
mp-1186663,1
mp-867756,1
mp-1113386,1
mp-6145,1
mp-862700,1
mp-772181,1
mp-5889,1
mp-865935,1
mp-979420,1
mp-1113426,1
mp-867262,1
mp-16246,1
mp-1238827,1
mp-866191,1
mp-1186451,1
mp-1185452,1
mp-11651,1
mp-21425,1
mp-1213460,1
mp-1153,1
mp-12006,1
mp-1112592,1
mp-1112331,1
mp-1113556,1
mp-1437,1
mp-1212939,1
mp-36447,1
mp-557970,1
mp-1114406,1
mp-1253,1
mp-1521864,1
mp-1799,1
mp-982667,1
mp-1183845,1
mp-1187453,1
mp-1189966,1
mp-1183621,1
mp-1193083,1
mp-1517224,1
mp-1013796,1
mp-1211359,1
mp-1522861,1
mp-1100392,1
mp-864975,1
mp-1210452,1
mp-1245451,1
mp-1223822,1
mp-1517760,1
mp-1518170,1
mp-1228134,1
mp-15856,1
mp-30958,1
mp-1186928,1
mp-1189284,1
mp-865147,1
mp-1111089,1
mp-1521181,1
mp-1210699,1
mp-1111100,1
mp-1114701,1
mp-1519298,1
mp-1188015,1
mp-1186610,1
mvc-7881,1
mp-12640,1
mp-1520339,1
mp-1113055,1
mp-1206479,1
mp-31339,1
mp-1113468,1
mp-718,1
mp-1187257,1
mp-865128,1
mp-1187799,1
mp-1105932,1
mp-21171,1
mp-22793,1
mp-1186256,1
mvc-78,1
mp-24727,1
mp-1112003,1
mp-1187435,1
mp-1102865,1
mp-1206376,1
mp-862861,1
mp-1112672,1
mp-1103852,1
mp-976426,1
mp-1114541,1
mp-1113518,1
mp-1194109,1
mp-1113342,1
mp-867781,1
mp-1204376,1
mp-10611,1
mp-1520023,1
mp-30324,1
mp-975769,1
mp-865764,1
mp-20995,1
mp-961659,1
mp-20971,1
mp-1016932,1
mp-1187506,1
mp-1113007,1
mp-11488,1
mp-1113581,1
mp-1187171,1
mp-1184967,1
mp-1518838,1
mp-865248,1
mp-1096764,1
mp-1112493,1
mp-865969,1
mp-1206032,1
mp-1100767,1
mp-22875,1
mp-1228031,1
mp-22906,1
mp-1007656,1
mp-1112062,1
mp-1458,1
mp-2781,1
mvc-4363,1
mp-1222652,1
mp-1215901,1
mp-561301,1
mp-19850,1
mp-977176,1
mp-1185456,1
mp-1517243,1
mp-1522177,1
mp-1112792,1
mp-636287,1
mp-1217386,1
mp-20572,1
mp-1193217,1
mp-1205895,1
mp-1186747,1
mp-1222668,1
mp-580364,1
mp-11229,1
mp-1114479,1
mp-862721,1
mp-862673,1
mp-1209407,1
mp-1112131,1
mp-1520715,1
mp-556242,1
mp-865159,1
mp-1516482,1
mp-2038,1
mp-1113534,1
mp-865080,1
mp-1186805,1
mp-562499,1
mp-17745,1
mp-1210632,1
mp-641683,1
mp-1186174,1
mp-1004525,1
mp-1206985,1
mp-1207985,1
mp-1018633,1
mp-1111487,1
mp-866143,1
mp-30429,1
mp-753905,1
mp-1518482,1
mp-505599,1
mp-20896,1
mp-867806,1
mp-1002181,1
mp-1521395,1
mp-977143,1
mp-1519147,1
mp-1023127,1
mp-11652,1
mp-1111117,1
mp-865892,1
mp-1183147,1
mp-5376,1
mp-1522573,1
mp-982615,1
mp-1210644,1
mp-24084,1
mp-1184986,1
mp-1184352,1
mp-978527,1
mp-1517283,1
mp-1523299,1
mp-1522614,1
mp-865181,1
mp-569932,1
mp-861724,1
mp-1523209,1
mp-1187192,1
mp-1795,1
mp-10712,1
mp-510377,1
mp-11358,1
mp-1184055,1
mp-1519514,1
mp-865340,1
mp-1112113,1
mp-5419,1
mp-1522962,1
mp-867854,1
mp-1112165,1
mp-866015,1
mp-1522919,1
mp-1184579,1
mp-7159,1
mp-1185552,1
mp-1184234,1
mp-1187803,1
mp-11407,1
mp-865650,1
mp-1187809,1
mp-1111287,1
mp-1212123,1
mp-1202538,1
mp-1067556,1
mp-1112476,1
mp-14306,1
mp-1521635,1
mp-7187,1
mp-10130,1
mp-972978,1
mp-23197,1
mp-864973,1
mp-1523292,1
mp-1187629,1
mp-1197724,1
mp-1112660,1
mp-504573,1
mp-754211,1
mp-1210747,1
mp-1516516,1
mp-774582,1
mp-1206075,1
mp-978513,1
mp-1105109,1
mp-1114333,1
mp-962069,1
mp-1183404,1
mp-20514,1
mp-1185035,1
mp-780786,1
mp-1072382,1
mp-1186679,1
mp-813,1
mp-1487,1
mp-1183469,1
mp-980054,1
mp-1238525,1
mp-1183763,1
mp-1186938,1
mp-1113040,1
mp-1214863,1
mp-646824,1
mp-29056,1
mp-1184560,1
mp-12983,1
mp-1186797,1
mp-1027,1
mp-4368,1
mp-14753,1
mp-30376,1
mp-1209709,1
mp-21765,1
mp-1206990,1
mp-20206,1
mp-1052,1
mp-1184091,1
mp-16227,1
mp-1518724,1
mvc-4689,1
mp-1113315,1
mp-1216682,1
mp-997590,1
mp-980005,1
mp-570153,1
mp-982015,1
mp-1687,1
mp-2656,1
mp-1521717,1
mp-1226280,1
mp-1186136,1
mp-22463,1
mp-1517551,1
mp-1079517,1
mp-1187409,1
mp-1184072,1
mp-23222,1
mp-1111945,1
mp-1111896,1
mp-1264,1
mp-772195,1
mp-1111037,1
mp-865380,1
mp-1209892,1
mp-1523044,1
mp-867144,1
mp-1039447,1
mp-1187897,1
mp-1185010,1
mp-1183456,1
mp-1783,1
mp-35555,1
mp-1193121,1
mp-1193111,1
mp-1183882,1
mp-1008924,1
mp-1091394,1
mp-1016848,1
mp-1516963,1
mp-634751,1
mp-2516,1
mp-978926,1
mp-1187427,1
mp-1021674,1
mp-21971,1
mp-1208058,1
mp-972542,1
mp-1112903,1
mp-29720,1
mp-1186556,1
mp-1206029,1
mp-972884,1
mp-38843,1
mp-961678,1
mp-753418,1
mp-1016876,1
mp-1211485,1
mp-1112040,1
mp-1219446,1
mp-865000,1
mp-951,1
mp-1521850,1
mp-1187616,1
mp-1520546,1
mp-1020645,1
mp-562267,1
mp-6586,1
mp-754093,1
mp-28069,1
mp-975521,1
mp-1517555,1
mp-1096854,1
mp-571056,1
mp-640776,1
mp-756633,1
mp-978929,1
mp-2670,1
mp-999052,1
mp-1184199,1
mp-1191661,1
mp-19852,1
mp-23252,1
mp-11390,1
mp-866199,1
mp-1522476,1
mp-862849,1
mp-1187695,1
mp-865026,1
mp-1208592,1
mp-865037,1
mp-774820,1
mp-1753,1
mp-1111600,1
mp-1723,1
mp-22118,1
mp-864968,1
mp-1186419,1
mp-972511,1
mp-17912,1
mp-776423,1
mp-1212276,1
mp-638558,1
mp-1113884,1
mp-1114637,1
mp-10602,1
mp-1192742,1
mp-866141,1
mp-865298,1
mp-1111979,1
mp-1039073,1
mp-1114567,1
mp-1111903,1
mp-1186885,1
mp-985582,1
mp-4982,1
mp-1111236,1
mp-1016930,1
mp-1521811,1
mp-1228073,1
mp-16314,1
mp-1111943,1
mp-1516700,1
mp-723,1
mp-10195,1
mp-1111956,1
mp-1519408,1
mp-1518487,1
mp-1212321,1
mp-865167,1
mp-542727,1
mp-21483,1
mp-1219953,1
mp-1523232,1
mp-1184959,1
mp-861629,1
mp-1212188,1
mp-1521926,1
mp-1217010,1
mp-1113806,1
mvc-1824,1
mp-1187726,1
mp-1112054,1
mp-761284,1
mp-30186,1
mp-7844,1
mp-1520991,1
mp-15626,1
mp-1520248,1
mp-1210326,1
mp-1210241,1
mp-1084762,1
mp-1211213,1
mp-863666,1
mp-861960,1
mp-5878,1
mp-1257164,1
mp-20694,1
mp-1112413,1
mp-1113564,1
mp-1213033,1
mp-1222290,1
mp-1113013,1
mp-979426,1
mp-28988,1
mp-579224,1
mp-1120724,1
mp-1111259,1
mp-22492,1
mp-556143,1
mvc-15009,1
mp-1112640,1
mp-1113412,1
mp-1104066,1
mp-1519733,1
mp-32895,1
mp-864684,1
mp-1183159,1
mp-863739,1
mp-972960,1
mp-1520202,1
mp-1520379,1
mp-1522757,1
mp-1208736,1
mp-1111747,1
mp-1112101,1
mp-1226466,1
mp-975275,1
mp-1111660,1
mp-696275,1
mp-1522142,1
mvc-6014,1
mp-1025022,1
mp-1147524,1
mp-1222610,1
mp-1111698,1
mp-865855,1
mp-980071,1
mp-1519425,1
mp-864634,1
mp-1198296,1
mp-1516983,1
mp-435,1
mp-842,1
mp-1113888,1
mp-866125,1
mp-23137,1
mp-13181,1
mp-1183121,1
mp-541365,1
mp-553896,1
mp-1113957,1
mp-568917,1
mp-1112560,1
mp-1121,1
mp-865121,1
mp-1211402,1
mp-1223030,1
mvc-4258,1
mp-1204974,1
mp-864753,1
mp-19764,1
mp-1203077,1
mp-866131,1
mp-567122,1
mp-31328,1
mp-989584,1
mp-1185071,1
mp-1516386,1
mp-1520630,1
mp-1206273,1
mp-1113567,1
mp-1111193,1
mp-975886,1
mp-646297,1
mp-756315,1
mp-1206909,1
mp-861875,1
mp-1111909,1
mvc-13015,1
mp-1198729,1
mp-1187231,1
mp-20463,1
mp-1111290,1
mp-1077750,1
mp-1210504,1
mp-39288,1
mp-1195012,1
mp-10261,1
mp-1522105,1
mp-11489,1
mp-1195775,1
mp-1517211,1
mp-866536,1
mp-866166,1
mp-1210236,1
mp-1186330,1
mp-1522924,1
mp-1025415,1
mp-1111918,1
mp-642787,1
mp-1112588,1
mp-1111509,1
mp-864613,1
mp-1112225,1
mp-981393,1
mp-697,1
mp-1228422,1
mp-9765,1
mp-784,1
mp-1522253,1
mp-1113029,1
mp-28651,1
mp-1522774,1
mp-37381,1
mp-862880,1
mp-1221866,1
mp-1112119,1
mp-862895,1
mp-1521114,1
mp-541908,1
mp-7753,1
mp-1208125,1
mp-1245351,1
mp-10716,1
mp-1184077,1
mp-639445,1
mp-981376,1
mp-1185136,1
mp-4964,1
mp-1114367,1
mp-866009,1
mp-22127,1
mp-1184233,1
mp-1519277,1
mp-601952,1
mp-1193971,1
mp-1190080,1
mp-1183406,1
mp-1180113,1
mp-510400,1
mp-556353,1
mp-1517893,1
mp-1213328,1
mp-1196681,1
mp-861662,1
mp-1184366,1
mp-977540,1
mp-1184243,1
mp-1111995,1
mp-1019380,1
mp-1114545,1
mp-1188046,1
mp-20644,1
mp-1193476,1
mp-1205598,1
mp-1206730,1
mp-1186307,1
mp-17619,1
mp-862432,1
mp-22903,1
mp-1187443,1
mp-1227369,1
mp-10180,1
mp-1186346,1
mp-1183933,1
mp-10250,1
mp-1013533,1
mp-1212125,1
mp-1517046,1
mp-7251,1
mp-977398,1
mp-1516596,1
mp-20493,1
mp-1021505,1
mp-867130,1
mp-1187556,1
mp-1214189,1
mp-1196981,1
mp-1077428,1
mp-977418,1
mp-1178642,1
mp-1185914,1
mp-1522554,1
mp-1517800,1
mp-1113320,1
mp-1522387,1
mp-2250,1
mp-1198201,1
mp-1520472,1
mp-559946,1
mp-1114371,1
mp-999378,1
mp-744223,1
mp-1185426,1
mp-23648,1
mp-1111703,1
mp-867156,1
mp-861903,1
mp-1183273,1
mp-864795,1
mp-1111958,1
mp-19769,1
mp-1080251,1
mp-1114048,1
mp-864965,1
mp-1112453,1
mp-630372,1
mp-1221557,1
mp-1113947,1
mp-757572,1
mp-1211847,1
mp-1186566,1
mp-862979,1
mp-1638685,1
mp-1111251,1
mp-1215805,1
mp-1521207,1
mp-1187460,1
mp-1187146,1
mp-1113501,1
mp-1206146,1
mp-1518457,1
mp-1208102,1
mp-1187924,1
mp-865904,1
mp-1207137,1
mp-1522535,1
mp-998947,1
mp-976256,1
mp-972639,1
mp-11026,1
mp-2249,1
mp-1517115,1
mp-30820,1
mp-867214,1
mp-11305,1
mp-1097796,1
mvc-11132,1
mp-865814,1
mp-1112591,1
mp-2658,1
mp-1197200,1
mp-983551,1
mp-976412,1
mp-867179,1
mp-977410,1
mp-19006,1
mp-1222799,1
mp-1183902,1
mp-1187708,1
mp-284,1
mp-1207082,1
mp-3163,1
mp-932,1
mp-600124,1
mp-1212003,1
mp-530545,1
mp-865090,1
mp-1183074,1
mp-1112411,1
mp-256,1
mp-1518234,1
mp-865992,1
mp-13448,1
mp-2011,1
mp-1206636,1
mp-1522617,1
mp-3657,1
mp-1517256,1
mvc-11840,1
mp-1184987,1
mp-1112554,1
mp-1112197,1
mp-865602,1
mp-218,1
mp-1187097,1
mp-5921,1
mp-1184628,1
mp-867502,1
mp-1215175,1
mp-770548,1
mp-830,1
mp-961664,1
mp-862372,1
mp-1232131,1
mp-1600,1
mp-8352,1
mp-1654,1
mp-1185302,1
mp-542070,1
mp-1520851,1
mp-4505,1
mp-1113479,1
mp-1520810,1
mp-1520833,1
mp-1114384,1
mp-1187448,1
mp-979962,1
mp-1111082,1
mp-1184939,1
mp-862964,1
mp-1206413,1
mp-1187744,1
mp-1071690,1
mp-23285,1
mp-865964,1
mp-771112,1
mp-862777,1
mp-1185182,1
mp-1184836,1
mp-1224182,1
mp-510611,1
mp-866280,1
mp-530571,1
mp-1186479,1
mp-982010,1
mp-559084,1
mp-1518602,1
mp-545379,1
mp-862747,1
mp-1187401,1
mp-1197092,1
mp-722294,1
mp-5124,1
mp-738646,1
mp-976030,1
mp-1111263,1
mp-839,1
mp-772194,1
mp-1113393,1
mp-992141,1
mp-984756,1
mp-989522,1
mp-864771,1
mp-1100429,1
mp-1016851,1
mp-1186344,1
mp-644246,1
mp-1208976,1
mp-1001017,1
mp-1180353,1
mp-1209637,1
mp-1078303,1
mp-867273,1
mp-1016883,1
mp-865156,1
mp-1111482,1
mp-616501,1
mp-540866,1
mp-1183065,1
mp-5033,1
mp-864987,1
mp-1114687,1
mp-867958,1
mp-1186534,1
mp-754711,1
mp-974527,1
mp-22479,1
mp-2796,1
mp-1192763,1
mp-1069296,1
mp-1192616,1
mp-1246064,1
mp-1228032,1
mp-1114296,1
mp-31057,1
mp-5626,1
mp-1095507,1
mp-1520935,1
mp-866088,1
mp-1520283,1
mp-861918,1
mp-865011,1
mp-1013560,1
mp-1070440,1
mp-11512,1
mp-1757,1
mp-1517500,1
mp-578931,1
mp-1113438,1
mp-1099619,1
mp-1187000,1
mp-1113016,1
mp-1113640,1
mp-1183196,1
mp-1111105,1
mp-1186469,1
mp-541376,1
mp-1206567,1
mp-1521767,1
mp-1517357,1
mp-863702,1
mp-1184239,1
mp-744801,1
mp-756935,1
mp-972337,1
mp-867869,1
mp-865224,1
mp-1520467,1
mp-18905,1
mp-16297,1
mp-1112429,1
mp-1111622,1
mp-1521558,1
mp-867771,1
mp-862937,1
mp-1200470,1
mp-675142,1
mp-864599,1
mp-1187862,1
mp-558168,1
mp-1519609,1
mp-977455,1
mp-823,1
mp-2758,1
mp-1187604,1
mp-3740,1
mp-1214622,1
mp-774583,1
mp-773321,1
mp-28585,1
mp-22524,1
mp-5513,1
mp-1209643,1
mp-961671,1
mp-1213683,1
mp-862829,1
mp-1187095,1
mp-1183422,1
mp-1112760,1
mp-1186296,1
mp-1183211,1
mp-510486,1
mp-1521908,1
mp-1221872,1
mp-22895,1
mp-19354,1
mp-867836,1
mp-1521426,1
mp-23331,1
mp-1521264,1
mp-866287,1
mp-1187731,1
mp-580236,1
mp-976260,1
mp-1213255,1
mp-21342,1
mp-560036,1
mp-1111789,1
mp-864625,1
mp-972066,1
mp-580136,1
mp-1078597,1
mp-1078913,1
mp-567978,1
mp-983908,1
mp-1111131,1
mp-985,1
mp-1232055,1
mp-647164,1
mp-1516183,1
mp-1188604,1
mp-558448,1
mp-1219010,1
mp-15862,1
mp-1187579,1
mvc-4351,1
mp-754168,1
mp-24046,1
mp-772953,1
mp-864837,1
mp-35718,1
mp-21587,1
mp-1185195,1
mp-1211152,1
mp-558442,1
mp-769373,1
mp-1199379,1
mp-570227,1
mp-557341,1
mp-862672,1
mp-1187704,1
mp-559835,1
mp-1518831,1
mp-1246937,1
mp-1199147,1
mp-1018012,1
mp-1521539,1
mp-1185012,1
mp-20325,1
mp-20286,1
mp-1112915,1
mp-9834,1
mp-1205757,1
mp-1187785,1
mp-1114404,1
mp-1113543,1
mvc-4659,1
mp-1209017,1
mp-1518697,1
mp-1522047,1
mp-2602,1
mp-1516574,1
mp-1518671,1
mp-1516970,1
mp-1517467,1
mp-1184593,1
mp-22542,1
mp-1186553,1
mp-22319,1
mp-1205927,1
mp-1193886,1
mp-1211,1
mp-11517,1
mp-1222020,1
mp-1178991,1
mp-1193889,1
mp-977462,1
mp-1102707,1
mp-1522608,1
mp-1194036,1
mp-1183448,1
mp-1519625,1
mp-1196944,1
mp-997586,1
mp-1113667,1
mp-1245352,1
mp-1522971,1
mp-1193200,1
mp-975207,1
mp-1205591,1
mp-866200,1
mp-1113902,1
mp-1111499,1
mp-1113409,1
mp-1209333,1
mp-1018627,1
mp-1518570,1
mp-865927,1
mp-1209671,1
mp-1205772,1
mp-1111234,1
mp-1181558,1
mp-1111059,1
mp-3904,1
mp-19442,1
mp-1206836,1
mp-1016852,1
mp-1111175,1
mp-1516435,1
mvc-10882,1
mp-19239,1
mp-864602,1
mp-1095240,1
mp-755239,1
mp-1247690,1
mp-1201594,1
mp-10652,1
mp-1112967,1
mp-21706,1
mp-961674,1
mp-1188235,1
mp-1217470,1
mp-1215661,1
mp-1101333,1
mp-1114470,1
mp-862680,1
mp-1209959,1
mp-866565,1
mp-567910,1
mp-16495,1
mp-11875,1
mp-554638,1
mp-1227226,1
mp-30390,1
mp-973778,1
mp-1183790,1
mp-1207074,1
mp-866376,1
mp-1187818,1
mp-1114604,1
mp-1183796,1
mp-1209489,1
mp-867848,1
mp-1112064,1
mp-1105290,1
mp-977374,1
mp-946,1
mp-17064,1
mp-642322,1
mp-1246122,1
mp-1206106,1
mp-1111056,1
mp-705519,1
mp-1111969,1
mp-1019609,1
mp-1112910,1
mp-1519270,1
mp-1205185,1
mp-22289,1
mp-697044,1
mvc-11527,1
mp-1112934,1
mp-643279,1
mp-21946,1
mp-18939,1
mp-775865,1
mp-756374,1
mp-1518260,1
mp-689925,1
mp-972455,1
mp-1520142,1
mp-983,1
mp-1181191,1
mp-1518707,1
mp-568516,1
mp-978519,1
mp-1521041,1
mp-1189358,1
mp-1193985,1
mp-1183977,1
mp-978842,1
mp-1523344,1
mp-862336,1
mp-1517903,1
mp-1518337,1
mp-1186977,1
mp-1186216,1
mp-1207172,1
mp-1009826,1
mp-865088,1
mp-1519850,1
mp-973951,1
mp-862536,1
mp-1187191,1
mp-1185616,1
mp-1184356,1
mp-1103940,1
mp-1186425,1
mp-1114685,1
mp-1038831,1
mp-1195270,1
mp-1114492,1
mp-21175,1
mp-703492,1
mp-505751,1
mp-1207052,1
mp-1050,1
mp-974511,1
mp-1238793,1
mp-866067,1
mp-1185331,1
mp-1522081,1
mp-1187691,1
mp-16349,1
mp-977589,1
mp-865597,1
mp-862941,1
mp-1105343,1
mp-1154587,1
mp-866668,1
mp-1206568,1
mp-1025509,1
mp-241,1
mp-21750,1
mp-1520624,1
mp-1518063,1
mp-1114482,1
mp-1187610,1
mp-1114564,1
mp-17436,1
mp-11578,1
mp-1111970,1
mp-1209902,1
mp-1206403,1
mp-972822,1
mp-1170750,1
mp-1210555,1
mp-973136,1
mp-770478,1
mp-1520354,1
mp-1185508,1
mp-573541,1
mp-1113467,1
mp-1114515,1
mp-1519950,1
mp-1014318,1
mp-1184510,1
mp-1194170,1
mp-1062345,1
mp-629476,1
mp-557664,1
mp-766402,1
mp-20841,1
mp-1102539,1
mp-1099591,1
mp-1016845,1
mp-1210233,1
mp-1188220,1
mp-850910,1
mp-1210509,1
mp-1517099,1
mp-19965,1
mp-1516815,1
mp-1256862,1
mp-862715,1
mp-642823,1
mp-1518364,1
mp-16720,1
mp-556867,1
mp-1208654,1
mp-865184,1
mp-8218,1
mvc-8336,1
mp-1522529,1
mp-1227426,1
mp-864978,1
mp-1204405,1
mp-1517268,1
mp-23425,1
mp-1013541,1
mp-12410,1
mp-1207693,1
mp-865432,1
mp-23651,1
mp-1186855,1
mp-972520,1
mp-1219300,1
mp-865669,1
mp-21590,1
mp-1186471,1
mp-14011,1
mp-1194073,1
mp-571222,1
mp-1113440,1
mp-1111899,1
mp-1208604,1
mp-21915,1
mp-1185003,1
mp-862898,1
mp-1066609,1
mp-961696,1
mp-628614,1
mp-865806,1
mp-875,1
mp-1112661,1
mp-4408,1
mp-1114688,1
mp-1079882,1
mp-1008349,0
mp-1245349,0
mp-1186421,0
mp-1185677,0
mp-1185405,0
mp-1185667,0
mp-1183330,0
mp-11271,0
mp-1185670,0
mp-1186274,0
mp-1186448,0
mp-636359,0
mp-1213373,0
mp-1208196,0
mp-542488,0
mp-1187664,0
mp-974370,0
mp-1209551,0
mp-1186100,0
mp-2272,0
mp-570442,0
mp-1186120,0
mp-1226561,0
mp-1186734,0
mp-1192636,0
mp-475,0
mp-1185729,0
mp-22770,0
mp-1185450,0
mp-1008277,0
mp-569600,0
mp-21482,0
mp-1186275,0
mp-27800,0
mp-1185746,0
mp-1183801,0
mp-1185559,0
mp-1185732,0
mp-862907,0
mp-979956,0
mp-974832,0
mp-1206821,0
mp-649627,0
mp-1186017,0
mp-982880,0
mp-1186522,0
mp-972185,0
mp-975639,0
mp-976420,0
mp-961726,0
mp-2085,0
mp-1186262,0
mp-971694,0
mp-1245471,0
mp-745,0
mp-1186495,0
mp-1062676,0
mp-1186705,0
mp-632808,0
mp-1183324,0
mp-1094464,0
mp-1206425,0
mp-1190846,0
mp-1186490,0
mp-974066,0
mp-1007852,0
mp-1186530,0
mp-1186323,0
mp-1206364,0
mp-1186640,0
mp-1187267,0
mp-1187105,0
mp-1186243,0
mp-1226723,0
mp-975797,0
mp-1183751,0
mp-972539,0
mp-801,0
mp-1186727,0
mp-7845,0
mp-979253,0
mp-978949,0
mp-972502,0
mp-1094768,0
mp-10266,0
mp-974641,0
mp-1185723,0
mp-1246686,0
mp-1184768,0
mp-12065,0
mp-1187912,0
mp-974789,0
mp-1185782,0
mp-16031,0
mp-974627,0
mp-20120,0
mp-19777,0
mp-1532,0
mp-20679,0
mp-20861,0
mp-1079116,0
mp-1185413,0
mp-1185657,0
mp-999550,0
mp-1185074,0
mp-1185044,0
mp-1184275,0
mp-1079702,0
mp-1185090,0
mp-1185650,0
mp-1193911,0
mp-20089,0
mp-1215942,0
mp-10148,0
mp-683917,0
mp-1210089,0
mp-1185683,0
mp-1211042,0
mp-1211680,0
mp-1185080,0
mp-4877,0
mp-1213530,0
mp-1185107,0
mp-1202531,0
mp-1186348,0
mp-1186552,0
mp-21419,0
mp-1007854,0
mp-1001785,0
mp-975388,0
mp-1001828,0
mp-1187151,0
mp-1094090,0
mp-1206445,0
mp-1183439,0
mp-1187814,0
mp-1206343,0
mp-976138,0
mp-2729,0
mp-1194114,0
mp-1187285,0
mp-974865,0
mp-1183558,0
mp-1094230,0
mp-1183321,0
mp-11365,0
mp-1187281,0
mp-1079382,0
mp-985443,0
mp-1186587,0
mp-1183766,0
mp-1187314,0
mp-1196653,0
mp-1245366,0
mp-1184761,0
mp-1187306,0
mp-978094,0
mp-16836,0
mp-12661,0
mp-672698,0
mp-1187291,0
mp-641587,0
mp-978823,0
mp-1186601,0
mp-1897,0
mp-1729,0
mp-30362,0
mp-1192635,0
mp-981546,0
mp-1966,0
mp-1059707,0
mp-1184065,0
mp-1039230,0
mp-1183945,0
mp-1193555,0
mp-1094769,0
mp-975439,0
mp-1094731,0
mp-1001833,0
mp-1187338,0
mp-1183953,0
mp-1186551,0
mp-983585,0
mp-1184100,0
mp-1184639,0
mp-570835,0
mp-1187102,0
mp-1186300,0
mp-1007853,0
mp-416,0
mp-1184962,0
mp-1184064,0
mp-603,0
mp-1183788,0
mp-16877,0
mp-979419,0
mp-1094118,0
mp-1184844,0
mp-1185542,0
mp-976147,0
mp-982780,0
mp-1184312,0
mp-1185554,0
mp-1018126,0
mp-1186774,0
mp-1213629,0
mp-972156,0
mp-1221468,0
mp-1184893,0
mp-983062,0
mp-982246,0
mp-1187107,0
mp-1186656,0
mp-962073,0
mp-1184575,0
mp-973232,0
mp-1636,0
mp-603251,0
mp-978514,0
mp-20457,0
mp-983594,0
mp-1183059,0
mp-980082,0
mp-1100763,0
mp-1185543,0
mp-1205990,0
mp-999395,0
mp-1183594,0
mp-1100410,0
mp-1183117,0
mp-980034,0
mp-1184453,0
mp-1187638,0
mp-1209438,0
mp-1100440,0
mp-1067900,0
mp-980191,0
mp-1186789,0
mp-1206517,0
mp-976588,0
mp-961727,0
mp-22060,0
mp-641595,0
mp-1207195,0
mp-34611,0
mp-1194487,0
mp-568014,0
mp-1002219,0
mp-1185037,0
mp-570543,0
mp-981378,0
mp-999396,0
mp-580287,0
mp-5866,0
mp-1219699,0
mp-1183398,0
mp-1184894,0
mp-1187390,0
mp-980014,0
mp-1065741,0
mp-1187222,0
mp-1201611,0
mp-1186045,0
mp-30353,0
mp-1184093,0
mp-973556,0
mp-1043,0
mp-1184469,0
mp-1187155,0
mp-1183612,0
mp-1183350,0
mp-1186028,0
mp-1183969,0
mp-1187130,0
mp-971720,0
mp-1184570,0
mp-1094792,0
mp-1210247,0
mp-1187681,0
mp-979269,0
mp-1009135,0
mp-1187532,0
mp-1004524,0
mp-979986,0
mp-1018070,0
mp-1184488,0
mp-30425,0
mp-1187305,0
mp-1187037,0
mp-961721,0
mp-961655,0
mp-1094786,0
mp-1226526,0
mp-1193759,0
mp-1187134,0
mp-1183314,0
mp-1184785,0
mp-1080569,0
mp-1224085,0
mp-1188564,0
mp-1210592,0
mp-1009217,0
mp-1211781,0
mp-1183984,0
mp-1432,0
mp-4367,0
mp-1021667,0
mp-30583,0
mp-1183639,0
mp-1183315,0
mp-1183392,0
mp-1186771,0
mp-974883,0
mp-21259,0
mp-13141,0
mp-1183671,0
mp-1184008,0
mp-961662,0
mp-1221637,0
mp-1183130,0
mp-978507,0
mp-998893,0
mp-1214412,0
mp-974866,0
mp-1186658,0
mp-999189,0
mp-1183304,0
mp-1183687,0
mp-1077177,0
mp-975512,0
mp-1183986,0
mp-1183978,0
mp-975511,0
mp-1184776,0
mp-1184431,0
mp-980001,0
mp-974309,0
mp-971744,0
mp-21268,0
mp-1183399,0
mp-1183709,0
mp-1219349,0
mp-531,0
mp-1094666,0
mp-864998,0
mp-1187466,0
mp-1009018,0
mp-975929,0
mp-258,0
mp-961645,0
mp-974779,0
mp-1185950,0
mp-9935,0
mp-1096853,0
mp-22541,0
mp-1018081,0
mp-862738,0
mp-1072398,0
mp-1039454,0
mp-1183698,0
mp-11478,0
mp-1186917,0
mp-1183674,0
mp-30788,0
mp-1192884,0
mp-861726,0
mp-1206656,0
mp-1215212,0
mp-1625,0
mp-5245,0
mp-1183843,0
mp-1186418,0
mp-1186778,0
mp-975019,0
mp-1184226,0
mp-973652,0
mp-974335,0
mp-1207173,0
mp-30430,0
mp-31222,0
mp-1210746,0
mp-1180295,0
mp-1183186,0
mp-1183183,0
mp-1183486,0
mp-1183636,0
mp-39273,0
mp-962070,0
mp-1007991,0
mp-1186278,0
mp-984518,0
mp-974617,0
mp-975028,0
mp-961691,0
mp-1206694,0
mp-1187175,0
mp-1185924,0
mp-1183236,0
mp-1219182,0
mp-1187181,0
mp-1193393,0
mp-838,0
mp-1185982,0
mp-1187385,0
mp-1094443,0
mp-1183062,0
mp-1038837,0
mp-11503,0
mp-1184584,0
mp-962074,0
mp-1008280,0
mp-1184224,0
mp-2577,0
mp-1185054,0
mp-1183344,0
mp-1018067,0
mp-1185604,0
mp-30785,0
mp-12766,0
mp-1187052,0
mp-1184232,0
mp-1207594,0
mp-570698,0
mp-21211,0
mp-1187168,0
mp-1038934,0
mp-974739,0
mp-983497,0
mp-1183704,0
mp-1184225,0
mp-13589,0
mp-1210118,0
mp-1183761,0
mp-1184682,0
mp-1205821,0
mp-978964,0
mp-982665,0
mp-1214055,0
mp-21206,0
mp-1221821,0
mp-1184733,0
mp-30635,0
mp-186,0
mp-1210757,0
mp-1183834,0
mp-10762,0
mp-1203374,0
mp-568106,0
mp-1211511,0
mp-568384,0
mp-21850,0
mp-1183987,0
mp-643271,0
mp-1193646,0
mp-1206814,0
mp-1013540,0
mp-1202185,0
mp-1094056,0
mp-22377,0
mp-1194089,0
mp-1219727,0
mp-1184467,0
mp-6958,0
mp-983237,0
mp-985588,0
mp-1094270,0
mp-16365,0
mp-1007690,0
mp-669649,0
mp-1183367,0
mp-1208068,0
mp-30806,0
mp-1207174,0
mp-984700,0
mp-985300,0
mp-23196,0
mp-1207191,0
mp-962077,0
mp-1187053,0
mp-1021516,0
mp-1187447,0
mp-22673,0
mp-1008929,0
mp-958,0
mp-1186094,0
mp-669648,0
mp-1006246,0
mp-1212942,0
mp-1205769,0
mp-1193506,0
mp-10051,0
mp-1185539,0
mp-1208743,0
mp-1184236,0
mp-999557,0
mp-1009770,0
mp-1212808,0
mp-1016076,0
mp-1212279,0
mp-961723,0
mp-1214891,0
mp-983539,0
mp-1183623,0
mp-1211954,0
mp-1066394,0
mp-1208469,0
mp-1188012,0
mp-280,0
mp-1207,0
mp-1187484,0
mp-1184759,0
mp-1183379,0
mp-1187138,0
mp-1016078,0
mp-1272,0
mp-28618,0
mp-1186802,0
mp-1072653,0
mp-1185541,0
mp-1100428,0
mp-1183755,0
mp-1187955,0
mp-1196493,0
mp-758523,0
mp-1187513,0
mp-1221874,0
mp-1210348,0
mp-1187968,0
mp-999543,0
mp-980945,0
mp-22461,0
mp-981545,0
mp-1183624,0
mp-636240,0
mp-980189,0
mp-1078548,0
mp-22221,0
mp-977062,0
mp-1039180,0
mp-758433,0
mp-1183736,0
mp-973466,0
mp-1208944,0
mp-1062,0
mp-1186129,0
mp-973875,0
mp-1213934,0
mp-571090,0
mp-30083,0
mp-1187982,0
mp-1185286,0
mp-1183679,0
mp-8370,0
mp-1094743,0
mp-1212495,0
mp-1210982,0
mp-1183491,0
mp-1186032,0
mp-1183889,0
mp-22912,0
mp-976784,0
mp-1194466,0
mp-1210090,0
mp-1038778,0
mp-1206609,0
mp-1183626,0
mp-1018132,0
mp-1225788,0
mp-1100437,0
mp-1100406,0
mp-1209468,0
mp-1187961,0
mp-1187581,0
mp-962072,0
mp-1187624,0
mp-1210563,0
mp-980190,0
mp-1009458,0
mp-1184344,0
mp-1183805,0
mp-1221878,0
mp-1246292,0
mp-1094904,0
mp-1184361,0
mp-1184564,0
mp-1193426,0
mp-1183465,0
mp-1079299,0
mp-1187304,0
mp-1094232,0
mp-1187250,0
mp-1186046,0
mp-1665,0
mp-1214905,0
mp-1100396,0
mp-1355,0
mp-1183840,0
mp-1183745,0
mp-1185267,0
mp-1183509,0
mp-1187539,0
mp-1185162,0
mp-1187923,0
mp-1187253,0
mp-570811,0
mp-1187024,0
mp-1207772,0
mp-999439,0
mp-1207778,0
mp-981384,0
mp-1183737,0
mp-1004377,0
mp-1208002,0
mp-985282,0
mp-1019800,0
mp-999390,0
mp-985283,0
mp-1062711,0
mp-1186089,0
mp-1212945,0
mp-1187036,0
mp-621131,0
mp-1212267,0
mp-1225536,0
mp-1183767,0
mp-510148,0
mp-976856,0
mp-21862,0
mp-1072076,0
mp-1183494,0
mp-1212870,0
mp-1181705,0
mp-1185006,0
mp-1204284,0
mp-971763,0
mp-1208454,0
mp-1186848,0
mp-1186084,0
mp-1104869,0
mp-978882,0
mp-1187954,0
mp-1211180,0
mp-1245557,0
mp-974948,0
mp-1187490,0
mp-30185,0
mp-1191664,0
mp-1094467,0
mp-1246371,0
mp-999437,0
mp-973278,0
mp-1187508,0
mp-1100418,0
mp-1186014,0
mp-1206130,0
mp-976592,0
mp-979937,0
mp-1245691,0
mp-1187949,0
mp-1007975,0
mp-1018042,0
mp-1101975,0
mp-1185072,0
mp-1013528,0
mp-980063,0
mp-1079163,0
mp-1215252,0
mp-1183210,0
mp-1184876,0
mp-1100432,0
mp-1102232,0
mp-1184864,0
mp-1096825,0
mp-1192517,0
mp-981387,0
mp-21243,0
mp-961699,0
mp-2769,0
mp-1007770,0
mp-1220929,0
mp-1187395,0
mp-1184651,0
mp-1207779,0
mp-973622,0
mp-2373,0
mp-1039106,0
mp-1184845,0
mp-1100407,0
mp-862859,0
mp-1186664,0
mp-1225587,0
mp-1185222,0
mp-1184213,0
mp-1183678,0
mp-1271275,0
mp-652856,0
mp-1018636,0
mp-1224316,0
mp-504574,0
mp-1183974,0
mp-22068,0
mp-1183129,0
mp-1094471,0
mp-1222271,0
mp-971757,0
mp-1211363,0
mp-11383,0
mp-1208304,0
mp-22465,0
mp-631494,0
mp-568800,0
mp-1183487,0
mp-973853,0
mp-1077016,0
mp-1094224,0
mp-1186039,0
mp-1222113,0
mp-645193,0
mp-1186808,0
mp-1209970,0
mp-1183629,0
mp-981390,0
mp-980905,0
mp-1183401,0
mp-1008282,0
mp-1183775,0
mp-1225043,0
mp-1227281,0
mp-1183105,0
mp-971803,0
mp-1187207,0
mp-1183549,0
mp-1184887,0
mp-961717,0
mp-1178936,0
mp-1209721,0
mp-1225530,0
mp-1232373,0
mp-974310,0
mp-981380,0
mp-1184654,0
mp-1184854,0
mp-1183514,0
mp-1214053,0
mp-1187700,0
mp-1209069,0
mp-20812,0
mp-1193270,0
mp-1184307,0
mp-2002,0
mp-20484,0
mp-1008920,0
mp-1183703,0
mp-504619,0
mp-975397,0
mp-623646,0
mp-1186873,0
mp-1002183,0
mp-1187498,0
mp-974799,0
mp-975051,0
mp-1206282,0
mp-10720,0
mp-975199,0
mp-30504,0
mp-1183140,0
mp-1065918,0
mp-1094636,0
mp-976830,0
mp-1246900,0
mp-669699,0
mp-1188027,0
mp-1221625,0
mp-975219,0
mp-1183682,0
mp-1008225,0
mp-1183684,0
mp-1183110,0
mp-2483,0
mp-1185406,0
mp-2279,0
mp-30582,0
mp-614444,0
mp-962075,0
mp-974950,0
mp-10413,0
mp-1094958,0
mp-1213461,0
mp-11309,0
mp-974938,0
mp-1196375,0
mp-21185,0
mp-1212788,0
mp-1208741,0
mp-1184862,0
mp-972044,0
mp-1186929,0
mp-1006330,0
mp-2639,0
mp-1018061,0
mp-20379,0
mp-976424,0
mp-1183492,0
mp-1187027,0
mp-1184552,0
mp-2559,0
mp-961708,0
mp-1185993,0
mp-1187127,0
mp-1185031,0
mp-13608,0
mp-1039157,0
mp-1185011,0
mp-1008278,0
mp-1245811,0
mp-1184849,0
mp-973055,0
mp-1186385,0
mp-1183480,0
mp-1183498,0
mp-1006883,0
mp-1184212,0
mp-1210881,0
mp-975037,0
mp-1232376,0
mp-1185029,0
mp-510113,0
mp-1010071,0
mp-973557,0
mp-569228,0
mp-1185057,0
mp-1007924,0
mp-1184384,0
mp-1185971,0
mp-961715,0
mp-1080389,0
mp-1079689,0
mp-1185395,0
mp-1183939,0
mp-1187441,0
mp-1245492,0
mp-1187023,0
mp-1183446,0
mp-1184877,0
mp-1120717,0
mp-1183131,0
mp-979283,0
mp-1184855,0
mp-1205822,0
mp-1079612,0
mp-558,0
mp-1036,0
mp-1013536,0
mp-1208347,0
mp-19762,0
mp-1224769,0
mp-1183948,0
mp-1100434,0
mp-1185451,0
mp-1199250,0
mp-978994,0
mp-978276,0
mp-20075,0
mp-22610,0
mp-976799,0
mp-1207449,0
mp-1188024,0
mp-1247741,0
mp-22043,0
mp-1183311,0
mp-1210792,0
mp-1013543,0
mp-1186098,0
mp-1185287,0
mp-1100436,0
mp-1210281,0
mp-1186773,0
mp-1183711,0
mp-10756,0
mp-1008275,0
mp-1212746,0
mp-18027,0
mp-1227318,0
mp-1183778,0
mp-30450,0
mp-1184851,0
mp-1227292,0
mp-579,0
mp-2546,0
mp-22782,0
mp-30803,0
mp-1186214,0
mp-1184984,0
mp-20523,0
mp-1245426,0
mp-1183334,0
mp-1185991,0
mp-1184331,0
mp-1147622,0
mp-978285,0
mp-1224310,0
mp-1185019,0
mp-1183994,0
mp-1094049,0
mp-1205766,0
mp-10185,0
mp-1009131,0
mp-1184834,0
mp-977997,0
mp-1219078,0
mp-978797,0
mp-1185016,0
mp-1183968,0
mp-1184002,0
mp-1187495,0
mp-571185,0
mp-16320,0
mp-1186852,0
mp-1102444,0
mp-1102668,0
mp-974834,0
mp-1078988,0
mp-1077745,0
mp-1062795,0
mp-1187776,0
mp-1186079,0
mp-1187918,0
mp-974270,0
mp-978286,0
mp-1184260,0
mp-1021660,0
mp-1245776,0
mp-1193149,0
mp-975554,0
mp-1186998,0
mp-1206360,0
mp-11882,0
mp-862739,0
mp-1186505,0
mp-1184256,0
mp-1184961,0
mp-1187566,0
mp-1859,0
mp-1186399,0
mp-1039189,0
mp-1100441,0
mp-1185429,0
mp-1211676,0
mp-1183793,0
mp-1070737,0
mp-1213964,0
mp-976772,0
mp-1100776,0
mp-976321,0
mp-1077077,0
mp-1184480,0
mp-22886,0
mp-1183943,0
mp-13035,0
mp-1009813,0
mp-1933,0
mp-1193387,0
mp-1179774,0
mp-28963,0
mp-1185245,0
mp-1185979,0
mp-1214071,0
mp-21031,0
mp-1186806,0
mp-12801,0
mp-974060,0
mp-11535,0
mp-1020625,0
mp-976264,0
mp-1007961,0
mp-1213043,0
mp-1187366,0
mp-1186380,0
mp-1185240,0
mp-1185872,0
mp-973024,0
mp-1186269,0
mp-1094184,0
mp-16735,0
mp-1186112,0
mp-973732,0
mp-1184917,0
mp-1194459,0
mp-1183317,0
mp-1183707,0
mp-1185192,0
mp-980006,0
mp-1721,0
mp-1009207,0
mp-1192883,0
mp-1185191,0
mp-1186103,0
mp-1187737,0
mp-568470,0
mp-1001602,0
mp-1194397,0
mp-11540,0
mp-1187866,0
mp-1206038,0
mp-22276,0
mp-1208559,0
mp-1064508,0
mp-17674,0
mp-1185410,0
mp-1186105,0
mp-635327,0
mp-569366,0
mp-1184551,0
mp-567116,0
mp-979936,0
mp-977286,0
mp-1184667,0
mp-1100419,0
mp-1183309,0
mp-962060,0
mp-978509,0
mp-581000,0
mp-1094358,0
mp-1183982,0
mp-1218992,0
mp-10040,0
mp-1223559,0
mp-1080445,0
mp-1100774,0
mp-21844,0
mp-975638,0
mp-2746,0
mp-1001831,0
mp-979935,0
mp-1211084,0
mp-16975,0
mp-250,0
mp-4077,0
mp-1095618,0
mp-1079379,0
mp-1183319,0
mp-1094990,0
mp-672337,0
mp-1214129,0
mp-975390,0
mp-1068011,0
mp-1184715,0
mp-1076939,0
mp-27873,0
mp-1008,0
mp-1188063,0
mp-1210201,0
mp-1007776,0
mp-984719,0
mp-1094328,0
mp-1191682,0
mp-16791,0
mp-973884,0
mp-1183632,0
mp-962061,0
mp-21865,0
mp-985297,0
mp-1206997,0
mp-1094298,0
mp-1183973,0
mp-631257,0
mp-1187394,0
mp-1018023,0
mp-1255847,0
mp-1184852,0
mp-961703,0
mp-1013537,0
mp-1185115,0
mp-975383,0
mp-1002227,0
mp-1210471,0
mp-1194037,0
mp-977212,0
mp-10685,0
mp-30790,0
mp-1185081,0
mp-1183156,0
mp-1095638,0
mp-571075,0
mp-978511,0
mp-973623,0
mp-1008727,0
mp-1186363,0
mp-8097,0
mp-999566,0
mp-1096932,0
mp-28979,0
mp-1184990,0
mp-1183170,0
mp-971752,0
mp-1186169,0
mp-1184748,0
mp-1206590,0
mp-975994,0
mp-1213096,0
mp-1207457,0
mp-1064000,0
mp-1008875,0
mp-1103427,0
mp-1210015,0
mp-1094258,0
mp-1222079,0
mp-1210828,0
mp-1001837,0
mp-1217484,0
mp-1067281,0
mp-1208262,0
mp-1214027,0
mp-1213233,0
mp-1183975,0
mp-1186532,0
mp-601193,0
mp-1211134,0
mp-1186909,0
mp-977325,0
mp-1217499,0
mp-962071,0
mp-1183999,0
mp-1212334,0
mp-19828,0
mp-1209856,0
mp-1209640,0
mp-979114,0
mp-1009128,0
mp-1078138,0
mp-1187104,0
mp-1214182,0
mp-1207397,0
mp-18503,0
mp-1211596,0
mp-976903,0
mp-1239206,0
mp-1207883,0
mp-1221616,0
mp-30830,0
mp-1094084,0
mp-1184012,0
mp-1009753,0
mp-1246407,0
mp-13116,0
mp-1210253,0
mp-1186282,0
mp-1100442,0
mp-636297,0
mp-1184429,0
mp-1207194,0
mp-1079464,0
mp-1008226,0
mp-1184128,0
mp-1213851,0
mp-20796,0
mp-1006884,0
mp-974754,0
mp-1013707,0
mp-1104127,0
mp-1226196,0
mp-1185899,0
mp-1183680,0
mp-1207895,0
mp-1211568,0
mp-1009829,0
mp-1008285,0
mp-1183985,0
mp-1183935,0
mp-1247414,0
mp-1094726,0
mp-1208934,0
mp-1186173,0
mp-1188347,0
mp-1103613,0
mp-1105655,0
mp-1185897,0
mp-1095030,0
mp-1185343,0
mp-977283,0
mp-8373,0
mp-980941,0
mp-1207458,0
mp-1217477,0
mp-1186733,0
mp-1183058,0
mp-1185494,0
mp-28905,0
mp-1008688,0
mp-971753,0
mp-19872,0
mp-1187476,0
mp-1077252,0
mp-974458,0
mp-1187034,0
mp-1209953,0
mp-1187692,0
mp-1186341,0
mp-1211148,0
mp-1147612,0
mp-1184379,0
mp-1186947,0
mp-997618,0
mp-1213862,0
mp-1017516,0
mp-1209568,0
mp-1186946,0
mp-636698,0
mp-1210273,0
mp-975524,0
mp-962057,0
mp-614895,0
mp-1187035,0
mp-1214244,0
mp-983584,0
mp-976111,0
mp-11480,0
mp-976122,0
mp-1187519,0
mp-999440,0
mp-1077706,0
mp-1209073,0
mp-1077708,0
mp-1189239,0
mp-1013709,0
mp-20486,0
mp-979009,0
mp-1080476,0
mp-2570,0
mp-1186194,0
mp-984711,0
mp-1185994,0
mp-1245998,0
mp-17420,0
mp-631308,0
mp-1210664,0
mp-1007819,0
mp-1185569,0
mp-1208529,0
mp-20453,0
mp-1206695,0
mp-1215210,0
mp-1213035,0
mp-1212427,0
mp-1184752,0
mp-1100771,0
mp-1009078,0
mp-1187066,0
mp-1211328,0
mp-1213098,0
mp-1210260,0
mp-1208139,0
mp-1209844,0
mp-1021666,0
mp-1214528,0
mp-1226521,0
mp-961690,0
mp-1224294,0
mp-978287,0
mp-1187392,0
mp-1212172,0
mp-1008689,0
mp-1185977,0
mp-1186178,0
mp-1207631,0
mp-1102235,0
mp-1009206,0
mp-1186191,0
mp-1186131,0
mp-1184853,0
mp-34023,0
mp-1211157,0
mp-979955,0
mp-1186145,0
mp-1186160,0
mp-1002209,0
mp-1206714,0
mp-1185800,0
mp-1186051,0
mp-1184889,0
mp-973528,0
mp-1252369,0
mp-606650,0
mp-1210045,0
mp-631355,0
mp-976405,0
mp-1213958,0
mp-672375,0
mp-978494,0
mp-1184098,0
mp-961666,0
mp-1207020,0
mp-1184840,0
mp-1100784,0
mp-1222117,0
mp-1213330,0
mp-1245666,0
mp-13136,0
mp-1208483,0
mp-1018145,0
mp-976863,0
mp-1185666,0
mp-1009213,0
mp-1187600,0
mp-669307,0
mp-976319,0
mp-31434,0
mp-1186709,0
mp-1183979,0
mp-1232314,0
mp-568564,0
mp-1183630,0
mp-1187307,0
mp-2222,0
mp-1185231,0
mp-1185032,0
mp-1009734,0
mp-1186143,0
mp-1187214,0
mp-1184878,0
mp-1096844,0
mp-1214044,0
mp-1147730,0
mp-1210855,0
mp-1184230,0
mp-1184571,0
mp-1184561,0
mp-1185033,0
mp-20446,0
mp-631398,0
mp-1187199,0
mp-30796,0
mp-1094402,0
mp-1205042,0
mp-1187729,0
mp-981251,0
mp-1205830,0
mp-11556,0
mp-973533,0
mp-22762,0
mp-1211931,0
mp-1017563,0
mp-1184205,0
mp-1210370,0
mp-978291,0
mp-1190026,0
mp-978881,0
mp-975052,0
mp-978304,0
mp-1186354,0
mp-631421,0
mp-1184319,0
mp-971701,0
mp-1198802,0
mp-972082,0
mp-1183693,0
mp-984707,0
mp-999484,0
mp-1185482,0
mp-11312,0
mp-1058798,0
mp-1183138,0
mp-972456,0
mp-979940,0
mp-568171,0
mp-998901,0
mp-1183485,0
mp-1185895,0
mp-1187224,0
mp-1005719,0
mp-981233,0
mp-999294,0
mp-971703,0
mp-30822,0
mp-978289,0
mp-1002182,0
mp-2718,0
mp-1213963,0
mp-1187454,0
mp-1928,0
mp-961650,0
mp-1187128,0
mp-1102584,0
mp-1038783,0
mp-1187957,0
mp-1208312,0
mp-973969,0
mp-1187496,0
mp-999495,0
mp-1186703,0
mp-1018080,0
mp-11310,0
mp-20768,0
mp-1187254,0
mp-975468,0
mp-631574,0
mp-1207597,0
mp-1196630,0
mp-631502,0
mp-1214896,0
mp-1186738,0
mp-976010,0
mp-999446,0
mp-20097,0
mp-1213509,0
mp-1009748,0
mp-21172,0
mp-631576,0
mp-1185989,0
mp-1184071,0
mp-1186023,0
mp-1209780,0
mp-961654,0
mp-1205939,0
mp-1001918,0
mp-1187330,0
mp-979963,0
mp-1187140,0
mp-1009650,0
mp-977299,0
mp-1202600,0
mp-1209175,0
mp-1096797,0
mp-1187970,0
mp-1185185,0
mp-976247,0
mp-22589,0
mp-1184332,0
mp-971826,0
mp-962076,0
mp-1196731,0
mp-1211397,0
mp-631405,0
mp-20885,0
mp-961672,0
mp-978303,0
mp-1187380,0
mp-1009747,0
mp-1187399,0
mp-1009878,0
mp-979954,0
mp-1183510,0
mp-569957,0
mp-977239,0
mp-1183927,0
mp-1186073,0
mp-631532,0
mp-631462,0
mp-1221963,0
mp-631519,0
mp-1213260,0
mp-1209511,0
mp-1184489,0
mp-1183331,0
mp-1008726,0
mp-1213581,0
mp-1213030,0
mp-1186068,0
mp-975467,0
mp-1208166,0
mp-1186164,0
mp-1210178,0
mp-22015,0
mp-1009488,0
mp-1209804,0
mp-1210831,0
mp-999485,0
mp-1002164,0
mp-30566,0
mp-1185274,0
mp-607223,0
mp-1183970,0
mp-1232422,0
mp-1186077,0
mp-974827,0
mp-1185005,0
mp-1185295,0
mp-1079655,0
mp-1039010,0
mp-1213576,0
mp-1184777,0
mp-1207442,0
mp-973203,0
mp-1213766,0
mp-1184574,0
mp-1213535,0
mp-1207489,0
mp-1183075,0
mp-972837,0
mp-631545,0
mp-1209724,0
mp-631551,0
mp-1009792,0
mp-1013534,0
mp-690667,0
mp-570657,0
mp-1103420,0
mp-1184652,0
mp-2118,0
mp-7700,0
mp-1009835,0
mp-1018119,0
mp-979942,0
mp-1009459,0
mp-1186824,0
mp-1185815,0
mp-631455,0
mp-972103,0
mp-979945,0
mp-22733,0
mp-1209964,0
mp-1039025,0
mp-631267,0
mp-1207806,0
mp-1080748,0
mp-1014264,0
mp-21150,0
mp-23722,0
mp-978554,0
mp-1186065,0
mp-1210171,0
mp-1207434,0
mp-1079878,0
mp-1213906,0
mp-1183323,0
mp-1184329,0
mp-1013708,0
mp-1184732,0
mp-1018849,0
mp-985285,0
mp-1009751,0
mp-976060,0
mp-1187582,0
mp-1186783,0
mp-631342,0
mp-1184446,0
mp-973895,0
mp-974565,0
mp-31157,0
mp-972514,0
mp-1184963,0
mp-1208890,0
mp-631294,0
mp-1187180,0
mp-1064667,0
mp-1187642,0
mp-972987,0
mp-961732,0
mp-1009496,0
mp-1186361,0
mp-1208254,0
mp-998894,0
mp-1207216,0
mp-1071438,0
mp-1185237,0
mp-980946,0
mp-1210533,0
mp-1214184,0
mp-571653,0
mp-1009218,0
mp-1186650,0
mp-1184340,0
mp-631422,0
mp-541419,0
mp-2765,0
mp-2852,0
mp-962059,0
mp-1214753,0
mp-16268,0
mp-1208467,0
mp-1209469,0
mp-1183683,0
mp-1063660,0
mp-1212899,0
mp-1207091,0
mp-1212293,0
mp-631412,0
mp-1212302,0
mp-631450,0
mp-999473,0
mp-631442,0
mp-1246,0
mp-1212928,0
mp-631567,0
mp-976872,0
mp-1068389,0
mp-1187139,0
mp-983359,0
mp-631310,0
mp-1184513,0
mp-1147674,0
mp-1209129,0
mp-999393,0
mp-971761,0
mp-1184545,0
mp-971750,0
mp-1208015,0
mp-631371,0
mp-1185566,0
mp-1185933,0
mp-1009752,0
mp-631376,0
mp-1187482,0
mp-21498,0
mp-999257,0
mp-631331,0
mp-1186327,0
mp-1183932,0
mp-1001789,0
mp-631488,0
mp-1211837,0
mp-1183420,0
mp-1210553,0
mp-631382,0
mp-1008642,0
mp-1080527,0
mp-1209055,0
mp-1232419,0
mp-1008702,0
mp-1094654,0
mp-1002206,0
mp-568042,0
mp-1006151,0
mp-22413,0
mp-1184556,0
mp-1080016,0
mp-631482,0
mp-631582,0
mp-1188060,0
mp-979412,0
mp-1206753,0
mp-1209053,0
mp-1079026,0
mp-631320,0
mp-1208526,0
mp-631377,0
mp-568075,0
mp-973891,0
mp-1008635,0
mp-980049,0
mp-978501,0
mp-1213216,0
mp-1009019,0
mp-1245822,0
mp-631330,0
mp-631475,0
mp-1009848,0
mp-1188007,0
mp-631569,0
mp-1212417,0
mp-1078528,0
mp-631408,0
mp-1214924,0
mp-631256,0
mp-1009696,0
mp-1008491,0
mp-631386,0
mp-1207484,0
mp-1187998,0
mp-866089,0
mp-631410,0
mp-972752,0
mp-631554,0
mp-1209749,0
mp-631334,0
mp-1185105,0
mp-631500,0
mp-631505,0
mp-998896,0
mp-1008753,0
mp-1183689,0
mp-978497,0
mp-1183900,0
mp-1182391,0
mp-973060,0
mp-1008987,0
mp-1185095,0
mp-1147731,0
mp-631312,0
mp-1184871,0
mp-631362,0
mp-972751,0
mp-631353,0
mp-631633,0
mp-1187964,0
mp-631406,0
mp-1210095,0
mp-1185079,0
mp-974631,0
mp-1101823,0
mp-974417,0
mp-1063581,0
mp-1183255,0
mp-1184895,0
mp-1215060,0
mp-631555,0
mp-982663,0
mp-1186907,0
mp-631635,0
mp-631563,0
mp-613384,0
mp-1002117,0
mp-631946,0
mp-978962,0
mp-1184884,0
mp-1185073,0
mp-972741,0
mp-1180622,0
mp-631387,0
mp-631694,0
mp-631269,0
mp-631540,0
mp-631311,0
mp-1008472,0
mp-631375,0
mp-978096,0
mp-631340,0
mp-974828,0
mp-1071283,0
mp-978034,0
mp-1209093,0
mp-1181644,0
mp-974850,0
mp-1062817,0
mp-1207459,0
mp-1183184,0
mp-976334,0
mp-973535,0
mp-631411,0
mp-1212367,0
mp-1013710,0
mp-23903,0
mp-631343,0
mp-1100416,0
mp-631518,0
mp-971853,0
mp-631352,0
mp-1006150,0
mp-983446,0
mp-974748,0
mp-1005850,0
mp-1182736,0
mp-1179679,0
mp-631578,0
mp-974816,0
mp-1186850,0
mp-974732,0
mp-631404,0
mp-1013531,0
mp-1186877,0
mp-631293,0
mp-1186838,0
mp-1101868,0
mp-975057,0
mp-631381,0
mp-631465,0
mp-631436,0
mp-631425,0
mp-631619,0
mp-631409,0
mp-1209484,0
mp-1102074,0
mp-1186839,0
mp-1079118,0
mp-974962,0
mp-631305,0
mp-975013,0
mp-631559,0
mp-1009541,0
mp-631548,0
mp-1186872,0
mp-1039270,0
mp-631336,0
mp-631388,0
mp-1095163,0
mp-24420,0
mp-981662,0
mp-1186865,0
mp-1079732,0
mp-1079281,0
mp-961704,0
mp-1205880,0
mp-1009837,0
mp-1184886,0
mp-631280,0
mp-1077258,0
mp-1006115,0
mp-1196489,0
mp-631523,0
mp-631335,0
mp-1184861,0
mp-631880,0
mp-1186352,0
mp-1187906,0
mp-631661,0
mp-24201,0
mp-975530,0
mp-631303,0
mp-961731,0
mp-1227824,0
mp-1184901,0
mp-1080472,0
mp-1006112,0
mp-1184873,0
mp-1064865,0
mp-1013542,0
mp-1207477,0
mp-972237,0
mp-1005727,0
mp-637179,0
mp-571211,0
mp-1184456,0
mp-1183533,0
mp-631542,0
mp-631487,0
mp-1184544,0
mp-1184874,0
mp-631302,0
mp-1208281,0
mp-1214097,0
mp-30560,0
mp-1076925,0
mp-631565,0
mp-631463,0
mp-20017,0
mp-1186859,0
mp-1006245,0
mp-1185929,0
mp-21327,0
mp-1186037,0
mp-631564,0
mp-1184279,0
mp-1208867,0
mp-1205907,0
mp-1184926,0
mp-977310,0
mp-631474,0
mp-631441,0
mp-1017580,0
mp-21152,0
mp-631354,0
mp-1094336,0
mp-1225195,0
mp-631309,0
mp-631274,0
mp-1208177,0
mp-1185184,0
mp-631516,0
mp-632623,0
mp-631674,0
mp-631571,0
mp-631255,0
mp-981435,0
mp-631497,0
mp-975045,0
mp-631383,0
mp-1185925,0
mp-1207088,0
mp-631349,0
mp-1009540,0
mp-1185051,0
mp-1208119,0
mp-1018734,0
mp-631503,0
mp-631344,0
mp-631489,0
mp-1187864,0
mp-1002184,0
mp-1187173,0
mp-10143,0
mp-631346,0
mp-1184433,0
mp-1187159,0
mp-1186906,0
mp-1215101,0
mp-631479,0
mp-1077346,0
mp-631361,0
mp-1069129,0
mp-631557,0
mp-27721,0
mp-632176,0
mp-1208216,0
mp-1183916,0
mp-631473,0
mp-631429,0
mp-1007778,0
mp-1187120,0
mp-983230,0
mp-1184404,0
mp-631472,0
mp-631556,0
mp-1186019,0
mp-977182,0
mp-631464,0
mp-974545,0
mp-631366,0
mp-20364,0
mp-1009769,0
mp-1208289,0
mp-1077821,0
mp-1009663,0
mp-631467,0
mp-1185187,0
mp-21128,0
mp-631458,0
mp-1062072,0
mp-979939,0
mp-631541,0
mp-672385,0
mp-631522,0
mp-977138,0
mp-999187,0
mp-1078506,0
mp-570697,0
mp-1215037,0
mp-631394,0
mp-961692,0
mp-975787,0
mp-1080652,0
mp-1199809,0
mp-631637,0
mp-1187232,0
mp-631451,0
mp-1080659,0
mp-631333,0
mp-631573,0
mp-504492,0
mp-1059264,0
mp-1008630,0
mp-1208307,0
mp-1186895,0
mp-973786,0
mp-1186092,0
mp-1009720,0
mp-17849,0
mp-631270,0
mp-631509,0
mp-1186360,0
mp-504491,0
mp-1208815,0
mp-1187075,0
mp-1183322,0
mp-1187262,0
mp-1079970,0
mp-631356,0
mp-974949,0
mp-1208113,0
mp-1185480,0
mp-631389,0
mp-631374,0
mp-974457,0
mp-1103394,0
mp-13117,0
mp-1008985,0
mp-631368,0
mp-977140,0
mp-13480,0
mp-1186965,0
mp-1008826,0
mp-631478,0
mp-631301,0
mp-631577,0
mp-1064459,0
mp-976943,0
mp-631484,0
mp-1214280,0
mp-1018155,0
mp-1079177,0
mp-1009820,0
mp-1186007,0
mp-1215126,0
mp-1006880,0
mp-20609,0
mp-631530,0
mp-999256,0
mp-631299,0
mp-631495,0
mp-631420,0
mp-567903,0
mp-631392,0
mp-1210139,0
mp-631364,0
mp-1207443,0
mp-631686,0
mp-1207438,0
mp-631512,0
mp-1187122,0
mp-1186020,0
mp-631575,0
mp-1008922,0
mp-631546,0
mp-1102811,0
mp-631537,0
mp-975814,0
mp-631568,0
mp-631517,0
mp-1147682,0
mp-631510,0
mp-975050,0
mp-631895,0
mp-631430,0
mp-1060680,0
mp-631399,0
mp-631313,0
mp-567435,0
mp-1186383,0
mp-1185472,0
mp-1008918,0
mp-1078594,0
mp-631580,0
mp-1202540,0
mp-631538,0
mp-631323,0
mp-631535,0
mp-1215017,0
mp-1183177,0
mp-631553,0
mp-975905,0
mp-1009694,0
mp-568505,0
mp-973835,0
mp-631317,0
mp-631403,0
mp-1183146,0
mp-1187833,0
mp-636273,0
mp-631390,0
mp-1186043,0
mp-973444,0
mp-631471,0
mp-961701,0
mp-1038818,0
mp-631520,0
mp-1183316,0
mp-1186896,0
mp-631528,0
mp-1147638,0
mp-631525,0
mp-1184483,0
mp-631492,0
mp-1094082,0
mp-631562,0
mp-1147716,0
mp-1212226,0
mp-1100399,0
mp-1009787,0
mp-1207454,0
mp-1018164,0
mp-1184492,0
mp-1210743,0
mp-1214523,0
mp-1186881,0
mp-631324,0
mp-631527,0
mp-27884,0
mp-631515,0
mp-977365,0
mp-974743,0
mp-631288,0
mp-1194710,0
mp-631440,0
mp-1205850,0
mp-1009483,0
mp-977181,0
mp-978855,0
mp-1208443,0
mp-631552,0
mp-978917,0
mp-1184598,0
mp-631566,0
mp-1212224,0
mp-1008921,0
mp-1184534,0
mp-631550,0
mp-10709,0
mp-631754,0
mp-631466,0
mp-1067260,0
mp-631413,0
mp-1009548,0
mp-631561,0
mp-631491,0
mp-13174,0
mp-1185141,0
mp-1214511,0
mp-20720,0
mp-631496,0
mp-1238821,0
mp-1185177,0
mp-631581,0
mp-631379,0
mp-631325,0
mp-1094180,0
mp-631507,0
mp-1002222,0
mp-1147742,0
mp-973265,0
mp-631511,0
mp-1185108,0
mp-1187632,0
mp-1189156,0
mp-1184555,0
mp-1198961,0
mp-999469,0
mp-1212251,0
mp-631572,0
mp-974415,0
mp-614489,0
mp-1006615,0
mp-1185997,0
mp-1002207,0
mp-631427,0
mp-1187526,0
mp-1059612,0
mp-631696,0
mp-631504,0
mp-631560,0
mp-974760,0
mp-631345,0
mp-975611,0
mp-20116,0
mp-1214195,0
mp-631452,0
mp-631558,0
mp-631365,0
mp-631318,0
mp-1186882,0
mp-999296,0
mp-974611,0
mp-1184716,0
mp-1214226,0
mp-631417,0
mp-631592,0
mp-1186880,0
mp-1208431,0
mp-971857,0
mp-1186912,0
mp-631395,0
mp-1209855,0
mp-1215157,0
mp-631319,0
mp-1069273,0
mp-1185000,0
mp-1190933,0
mp-631543,0
mp-1186796,0
mp-977200,0
mp-1207453,0
mp-631506,0
mp-20684,0
mp-21910,0
mp-1187144,0
mp-631418,0
mp-10674,0
mp-1208417,0
mp-1206021,0
mp-1009582,0
mp-22263,0
mp-1009731,0
mp-631431,0
mp-1066751,0
mp-1009221,0
mp-1009652,0
mp-1064703,0
mp-631322,0
mp-999292,0
mp-974810,0
mp-22350,0
mp-631373,0
mp-631338,0
mp-1207473,0
mp-1208233,0
mp-1184880,0
mp-1186064,0
mp-631358,0
mp-1213965,0
mp-1183930,0
mp-631424,0
mp-1213042,0
mp-1102647,0
mp-1180959,0
mp-631524,0
mp-631304,0
mp-1186356,0
mvc-11235,0
mp-631435,0
mp-1185213,0
mp-631314,0
mp-631423,0
mp-631508,0
mp-631544,0
mp-1184863,0
mp-1210037,0
mp-1212292,0
mp-1008489,0
mp-1184868,0
mp-1184848,0
mp-1058689,0
mp-10274,0
mp-631521,0
mp-10279,0
mp-20922,0
mp-10351,0
mp-1185030,0
mp-13175,0
mp-974933,0
mp-631529,0
mp-22004,0
mp-10280,0
mp-1058944,0
mp-1009538,0
mp-8368,0
mp-1205982,0
mp-1183622,0
mp-1008923,0
mp-1094391,0
mp-631480,0
mp-1210116,0
mvc-11231,0
mp-1079947,0
mp-631339,0
mp-1210078,0
mp-1185851,0
mp-1209103,0
mp-1194558,0
mp-1209181,0
mp-974820,0
mp-1212014,0
mp-1059879,0
mp-1183881,0
mp-19778,0
mp-1208639,0
mp-631513,0
mp-1002165,0
mp-1210274,0
mp-22496,0
mp-631549,0
mp-1245828,0
mp-1008986,0
mp-1059242,0
mp-631468,0
mp-1009822,0
mp-631703,0
mp-982595,0
mp-623448,0
mp-1063920,0
mp-1213008,0
mp-631449,0
mp-631498,0
mp-7139,0
mp-1172909,0
mp-631428,0
mp-1209600,0
mp-1009596,0
mp-570334,0
mp-1029265,0
mp-1184896,0
mp-1014297,0
mp-1211945,0
mp-974452,0
mp-1009495,0
mp-1208441,0
mp-1009539,0
mp-997616,0
mp-631337,0
mp-974843,0
mp-1185022,0
mp-631526,0
mp-20543,0
mp-631539,0
mp-631396,0
mp-1008820,0
mp-20423,0
mp-631329,0
mp-1056955,0
mp-1001824,0
mp-1179109,0
mp-10718,0
mp-10041,0
mp-8003,0
mp-1208620,0
mp-1208384,0
mp-10038,0
mp-1066774,0
mp-1221492,0
mp-20750,0
mp-574239,0
mp-1204312,0
mp-1186869,0
mp-631277,0
mp-7114,0
mp-1246421,0
mp-1183358,0
mp-631547,0
mp-36891,0
mp-1009537,0
mp-1206777,0
mp-1018165,0
mp-1245768,0
mp-1009533,0
mp-22537,0
mp-1009005,0
mp-973446,0
mp-1066388,0
mp-21888,0
mp-1008610,0
mp-631570,0
mp-563,0
mp-1067817,0
mp-1061865,0
mp-973450,0
mp-19958,0
mp-1078208,0
mp-542633,0
mp-631384,0
mp-1008558,0
mp-631254,0
mp-20501,0
mp-1186876,0
mp-1009766,0
mp-1215080,0
mp-1186857,0
mp-20388,0
mp-1246873,0
mp-20808,0
mp-1245677,0
mp-19749,0
mp-1215073,0
mp-631481,0
mp-1065428,0
mp-20229,0
mp-19758,0
mp-1186922,0
mp-7166,0
mp-21392,0
mp-10356,0
mp-1183992,0
mp-21854,0
mp-10275,0
mp-20963,0
mp-1206907,0
mp-19836,0
mp-20159,0
mp-22513,0
mp-21292,0
mp-20978,0
mp-631531,0
mp-21028,0
mp-1186913,0
mp-22556,0
mp-1189427,0
mvc-11196,0
mp-20430,0
mp-1209203,0
mp-1211584,0
mp-1070242,0
mp-1017519,0
mp-606671,0
mp-631536,0
mp-637576,0
mp-21186,0
mp-1198081,0
mp-1185587,0
mp-20550,0
mp-631586,0
mp-631514,0
mp-1069526,0
mp-510381,0
mp-1078734,0
mp-1215144,0
mp-21319,0
mp-1078865,0
mp-1207063,0
mp-1057979,0
mp-1056860,0
mp-1079835,0
mp-631533,0
mp-1207995,0
mp-20164,0
mp-1184047,0
mp-1180839,0
mp-20839,0
mp-1214819,0
mp-510382,0
mp-631296,0
mp-1006887,0
mp-1212869,0
mp-1189040,0
mp-672229,0
mp-1002228,0
mp-631534,0
mp-1058019,0
mp-1185609,0
mp-1059907,0
mp-1184387,0
mp-567465,0
mp-1006882,0
mp-1060982,0
mp-1057084,0
mp-1094183,0
mp-1061023,0
mp-1104404,0
mp-1079486,0
mp-635460,0
mp-1008653,0
mp-1067129,0
mp-1079457,0
mp-1008912,0
mp-1079998,0
mp-1212658,0
mp-1057017,0
mp-1079581,0
mp-1191949,0
mp-21058,0
mp-21369,0
mp-975606,0
mp-1182706,0
mp-1184428,0
mp-1079107,0
mp-1212000,0
mp-1056900,0
mp-1080142,0
mp-1205922,0
mp-1064161,0
mp-1084748,0
mp-1060962,0
mp-1072852,0
mp-1207010,0
mp-1206547,0
mp-1059160,0
mp-1065540,0
mp-1058151,0
mp-624739,0
mp-1078952,0
mp-1064861,0
mp-1064282,0
mp-510613,0
mp-1212042,0
mp-1215160,0
mp-1014311,0
mp-1014214,0
mp-1014316,0
mp-1214031,0
